1.03,-92.00,992.00,128.00
1.05,-96.00,996.00,132.00
1.08,-100.00,996.00,128.00
1.10,-92.00,988.00,144.00
1.13,-92.00,960.00,140.00
1.15,-100.00,940.00,112.00
1.18,-100.00,976.00,108.00
1.20,-88.00,1024.00,100.00
1.23,-104.00,984.00,108.00
1.25,-96.00,972.00,112.00
1.28,-104.00,976.00,116.00
1.30,-96.00,992.00,112.00
1.32,-96.00,1000.00,124.00
1.35,-96.00,992.00,124.00
1.37,-96.00,1008.00,120.00
1.40,-108.00,996.00,132.00
1.42,-100.00,972.00,132.00
1.45,-104.00,964.00,132.00
1.47,-96.00,988.00,124.00
1.54,-104.00,996.00,124.00
1.57,-100.00,984.00,136.00
1.62,-104.00,1016.00,132.00
1.69,-104.00,976.00,132.00
1.72,-108.00,948.00,112.00
1.74,-104.00,896.00,100.00
1.77,44.00,604.00,176.00
1.79,-56.00,548.00,80.00
1.82,-24.00,64.00,160.00
1.84,104.00,276.00,-172.00
1.86,244.00,-788.00,-468.00
1.89,604.00,684.00,-128.00
1.91,744.00,-180.00,136.00
1.94,1384.00,-128.00,-200.00
1.96,1784.00,-160.00,232.00
1.99,2040.00,-444.00,88.00
2.01,2040.00,104.00,316.00
2.04,2040.00,-132.00,132.00
2.06,2040.00,72.00,288.00
2.09,2040.00,156.00,48.00
2.11,2040.00,80.00,168.00
2.13,2040.00,180.00,172.00
2.16,2040.00,128.00,112.00
2.19,2040.00,256.00,32.00
2.21,1788.00,188.00,132.00
2.23,1396.00,228.00,128.00
2.26,720.00,228.00,32.00
2.28,516.00,112.00,-132.00
2.31,264.00,212.00,172.00
2.33,116.00,204.00,76.00
2.38,-72.00,192.00,72.00
2.40,156.00,228.00,32.00
2.43,288.00,204.00,116.00
2.45,592.00,176.00,84.00
2.48,900.00,232.00,260.00
2.50,1448.00,188.00,192.00
2.53,1924.00,180.00,240.00
2.55,2040.00,164.00,300.00
2.57,2040.00,108.00,168.00
2.60,2040.00,-52.00,48.00
2.63,2040.00,8.00,152.00
2.65,2040.00,-76.00,12.00
2.67,2040.00,-40.00,-36.00
2.70,2040.00,-20.00,156.00
2.72,2040.00,-168.00,-180.00
2.75,1976.00,-244.00,-76.00
2.77,1544.00,-220.00,24.00
2.80,1196.00,-212.00,24.00
2.82,892.00,-280.00,84.00
2.84,604.00,-212.00,60.00
2.87,260.00,-332.00,84.00
2.89,136.00,-244.00,28.00
2.92,112.00,-264.00,16.00
2.94,156.00,-268.00,24.00
2.96,244.00,-288.00,36.00
2.99,624.00,-240.00,12.00
3.01,852.00,-232.00,248.00
3.04,1140.00,-224.00,204.00
3.06,1452.00,-172.00,184.00
3.08,1812.00,-168.00,268.00
3.11,2040.00,-36.00,84.00
3.13,2040.00,-88.00,64.00
3.16,2040.00,28.00,224.00
3.18,2040.00,104.00,-208.00
3.20,2040.00,72.00,524.00
3.23,2040.00,244.00,-348.00
3.25,2040.00,232.00,-528.00
3.28,2040.00,288.00,-328.00
3.30,1824.00,184.00,216.00
3.33,1424.00,224.00,-12.00
3.35,820.00,244.00,92.00
3.38,604.00,148.00,-8.00
3.40,348.00,220.00,144.00
3.43,280.00,136.00,32.00
3.45,348.00,240.00,232.00
3.47,40.00,164.00,192.00
3.50,-204.00,64.00,-408.00
3.52,392.00,320.00,304.00
3.55,508.00,144.00,204.00
3.57,812.00,88.00,-40.00
3.60,1404.00,236.00,56.00
3.62,1828.00,100.00,-72.00
3.64,2040.00,88.00,272.00
3.67,2040.00,116.00,-8.00
3.69,2040.00,60.00,244.00
3.72,2040.00,32.00,-216.00
3.74,2040.00,56.00,12.00
3.79,2040.00,-48.00,28.00
3.81,2040.00,-140.00,-4.00
3.84,1696.00,-136.00,144.00
3.89,1124.00,-260.00,16.00
3.91,868.00,-172.00,-320.00
3.94,704.00,-452.00,532.00
3.96,204.00,-252.00,188.00
3.99,112.00,-320.00,468.00
4.03,320.00,-272.00,292.00
4.06,532.00,-200.00,16.00
4.08,780.00,-256.00,32.00
4.11,1076.00,-244.00,68.00
4.13,1292.00,-96.00,136.00
4.15,1652.00,-252.00,228.00
4.18,1928.00,64.00,0.00
4.20,2040.00,-92.00,84.00
4.23,2040.00,-20.00,380.00
4.25,2040.00,-64.00,-164.00
4.27,2040.00,212.00,-76.00
4.30,2040.00,124.00,160.00
4.33,2040.00,196.00,88.00
4.35,2040.00,128.00,192.00
4.37,1916.00,208.00,252.00
4.40,1264.00,104.00,28.00
4.43,916.00,228.00,108.00
4.47,516.00,172.00,100.00
4.50,364.00,128.00,168.00
4.52,204.00,208.00,172.00
4.55,240.00,180.00,224.00
4.57,296.00,136.00,88.00
4.62,832.00,84.00,72.00
4.64,1236.00,144.00,152.00
4.67,1416.00,196.00,232.00
4.69,1804.00,140.00,112.00
4.72,2000.00,244.00,168.00
4.74,2040.00,20.00,36.00
4.77,2040.00,84.00,184.00
4.79,2040.00,-68.00,212.00
4.82,2040.00,-72.00,-336.00
4.84,2040.00,4.00,144.00
4.86,2040.00,-120.00,136.00
4.89,1888.00,-180.00,52.00
4.91,1624.00,-236.00,64.00
4.93,1284.00,-208.00,104.00
4.96,992.00,-264.00,60.00
4.99,616.00,-260.00,-4.00
5.01,448.00,-248.00,24.00
5.04,520.00,-248.00,40.00
4.99,220.00,-428.00,116.00
5.01,416.00,-260.00,-40.00
5.04,244.00,-268.00,296.00
5.06,516.00,-160.00,64.00
5.08,1016.00,-384.00,344.00
5.11,1312.00,-172.00,36.00
5.13,1372.00,-268.00,84.00
5.16,1772.00,-108.00,132.00
5.21,2040.00,-44.00,-132.00
5.23,2040.00,-88.00,220.00
5.25,2040.00,40.00,248.00
5.33,2040.00,232.00,20.00
5.37,1568.00,124.00,52.00
5.40,1304.00,176.00,32.00
5.42,1032.00,120.00,96.00
5.45,604.00,200.00,68.00
5.47,500.00,168.00,-12.00
5.50,300.00,168.00,56.00
5.52,180.00,184.00,-60.00
5.54,296.00,272.00,400.00
5.57,140.00,248.00,304.00
5.59,632.00,72.00,312.00
5.62,852.00,144.00,248.00
5.64,1276.00,44.00,32.00
5.66,1500.00,120.00,256.00
5.69,1540.00,212.00,-28.00
5.71,2040.00,200.00,192.00
5.76,2040.00,64.00,12.00
5.79,2040.00,-68.00,-428.00
5.81,2040.00,-48.00,-308.00
5.83,2040.00,-32.00,100.00
5.88,1832.00,-156.00,-56.00
5.91,1556.00,-156.00,132.00
5.93,1056.00,-220.00,-8.00
5.96,836.00,-264.00,44.00
5.98,700.00,-136.00,-216.00
6.01,652.00,-252.00,156.00
6.03,340.00,-272.00,52.00
6.06,324.00,-448.00,296.00
6.08,488.00,-252.00,168.00
6.11,584.00,-192.00,140.00
6.13,832.00,-332.00,-216.00
6.18,1440.00,-188.00,144.00
6.20,1708.00,-160.00,56.00
6.23,1960.00,-100.00,168.00
6.25,2040.00,-12.00,96.00
6.28,2040.00,112.00,40.00
6.30,2040.00,28.00,260.00
6.32,2040.00,204.00,-252.00
6.35,2040.00,144.00,-300.00
6.37,2040.00,44.00,116.00
6.42,1488.00,296.00,-48.00
6.45,1212.00,196.00,260.00
6.47,984.00,124.00,124.00
6.49,752.00,192.00,-28.00
6.52,676.00,268.00,212.00
6.54,388.00,76.00,260.00
6.57,372.00,224.00,252.00
6.60,396.00,156.00,156.00
6.62,548.00,188.00,320.00
6.65,704.00,-32.00,208.00
6.67,932.00,184.00,160.00
6.69,1340.00,152.00,36.00
6.72,1460.00,120.00,152.00
6.74,1736.00,244.00,136.00
6.79,2040.00,56.00,24.00
6.81,2040.00,124.00,-88.00
6.84,2040.00,-56.00,-84.00
6.86,2040.00,-60.00,-60.00
6.89,1996.00,-140.00,-44.00
6.91,1808.00,-144.00,60.00
6.93,1544.00,-164.00,124.00
6.96,1368.00,-184.00,200.00
6.98,1040.00,-144.00,76.00
7.01,740.00,-256.00,60.00
7.05,456.00,-152.00,-4.00
7.10,496.00,-268.00,292.00
7.10,496.00,-268.00,292.00
7.13,644.00,-244.00,188.00
7.15,680.00,-212.00,268.00
7.18,736.00,-100.00,-136.00
7.20,952.00,-180.00,-176.00
7.23,1508.00,-124.00,200.00
7.25,1808.00,-96.00,128.00
7.27,1996.00,-188.00,208.00
7.30,2040.00,60.00,-4.00
7.32,2040.00,-32.00,60.00
7.34,2040.00,140.00,-240.00
7.37,2040.00,116.00,-332.00
7.39,2040.00,-104.00,-228.00
7.42,1824.00,88.00,68.00
7.44,1612.00,200.00,96.00
7.46,1428.00,116.00,-132.00
7.49,1272.00,140.00,152.00
7.51,796.00,152.00,124.00
7.54,652.00,208.00,76.00
7.56,536.00,156.00,28.00
7.59,424.00,116.00,336.00
7.61,488.00,132.00,300.00
7.64,516.00,140.00,272.00
7.66,640.00,132.00,412.00
7.69,840.00,184.00,116.00
7.72,1184.00,136.00,304.00
7.74,1500.00,32.00,32.00
7.76,1620.00,76.00,260.00
7.79,1776.00,108.00,104.00
7.81,2024.00,-16.00,156.00
7.84,2036.00,-64.00,0.00
7.86,2040.00,-16.00,-592.00
7.88,2040.00,-44.00,-532.00
7.91,2040.00,-72.00,-12.00
7.93,1880.00,-108.00,276.00
8.00,1192.00,-56.00,-64.00
8.03,884.00,-252.00,20.00
8.05,748.00,-240.00,60.00
8.08,524.00,-132.00,-24.00
8.13,540.00,-192.00,28.00
8.15,496.00,-188.00,148.00
8.18,700.00,-192.00,256.00
8.20,856.00,8.00,84.00
8.23,980.00,-188.00,-24.00
8.25,1500.00,-236.00,292.00
8.28,1772.00,-128.00,-20.00
8.30,1924.00,-64.00,28.00
8.33,1996.00,16.00,164.00
8.35,2040.00,-112.00,168.00
8.37,2040.00,140.00,-228.00
8.40,2040.00,228.00,-220.00
8.42,1876.00,240.00,-64.00
8.47,1508.00,184.00,88.00
8.52,900.00,168.00,92.00
8.55,780.00,184.00,104.00
8.57,748.00,180.00,-128.00
8.59,552.00,56.00,64.00
8.62,432.00,160.00,188.00
8.64,516.00,24.00,416.00
8.69,820.00,216.00,324.00
8.74,1148.00,200.00,80.00
8.74,1148.00,200.00,80.00
8.77,1432.00,88.00,192.00
8.79,1664.00,32.00,72.00
8.82,1820.00,176.00,184.00
8.84,1892.00,52.00,144.00
8.86,1988.00,-32.00,-592.00
8.89,2040.00,-20.00,-360.00
8.91,1972.00,-4.00,-272.00
8.94,1804.00,-36.00,16.00
8.96,1664.00,-148.00,20.00
8.99,1328.00,-128.00,100.00
9.01,1188.00,-172.00,-188.00
9.04,968.00,-236.00,100.00
9.06,840.00,-260.00,96.00
9.09,672.00,-160.00,40.00
9.11,516.00,-388.00,284.00
9.13,680.00,-248.00,200.00
9.16,700.00,-184.00,352.00
9.18,732.00,-260.00,316.00
9.23,1032.00,-156.00,48.00
9.26,1324.00,-112.00,-116.00
9.30,1628.00,-88.00,96.00
9.33,1896.00,28.00,56.00
9.38,1760.00,-156.00,-472.00
9.41,1916.00,148.00,-56.00
9.43,1908.00,112.00,-124.00
9.45,1656.00,44.00,36.00
9.48,1476.00,160.00,204.00
9.50,1344.00,-52.00,28.00
9.53,1128.00,176.00,144.00
9.55,896.00,192.00,136.00
9.58,680.00,196.00,112.00
9.60,552.00,52.00,16.00
9.62,708.00,168.00,232.00
9.65,572.00,160.00,268.00
9.67,664.00,208.00,264.00
9.70,792.00,40.00,504.00
9.72,924.00,136.00,-68.00
9.75,1020.00,108.00,-4.00
9.77,1244.00,68.00,260.00
9.79,1544.00,20.00,-8.00
9.84,1868.00,-52.00,104.00
9.87,1880.00,80.00,-4.00
9.89,2040.00,-88.00,-440.00
9.91,2012.00,-16.00,-220.00
9.94,1704.00,-36.00,28.00
9.96,1568.00,-144.00,60.00
9.99,1480.00,-112.00,-8.00
10.01,1240.00,-108.00,84.00
10.04,960.00,-180.00,220.00
10.06,832.00,-168.00,88.00
10.09,764.00,-280.00,56.00
10.11,836.00,-320.00,416.00
10.13,588.00,-180.00,156.00
10.16,548.00,-136.00,236.00
10.18,724.00,-216.00,168.00
10.21,912.00,-192.00,176.00
10.23,1192.00,-272.00,372.00
10.25,1192.00,-128.00,8.00
10.28,1368.00,-144.00,208.00
10.30,1608.00,-56.00,144.00
10.35,1824.00,-8.00,80.00
10.38,1880.00,-52.00,-528.00
10.40,1672.00,124.00,132.00
10.42,1788.00,136.00,-40.00
10.47,1540.00,72.00,208.00
10.50,1404.00,36.00,56.00
10.52,1104.00,160.00,164.00
10.55,956.00,104.00,268.00
10.57,776.00,192.00,96.00
10.59,728.00,144.00,-140.00
10.62,772.00,120.00,40.00
10.64,504.00,160.00,268.00
10.67,848.00,20.00,104.00
10.71,776.00,72.00,260.00
10.74,936.00,164.00,140.00
10.76,1084.00,244.00,-456.00
10.79,1420.00,64.00,300.00
10.81,1544.00,148.00,12.00
10.84,1688.00,140.00,196.00
10.86,1824.00,-56.00,60.00
10.88,1780.00,-20.00,72.00
10.91,1780.00,20.00,-280.00
10.93,1696.00,-144.00,-328.00
10.96,1692.00,-148.00,-236.00
10.98,1524.00,-24.00,80.00
11.01,1348.00,-140.00,84.00
11.03,1088.00,-164.00,76.00
11.06,996.00,-228.00,44.00
11.08,808.00,-244.00,12.00
11.10,776.00,-212.00,60.00
11.13,716.00,-256.00,84.00
11.15,804.00,-176.00,284.00
11.18,668.00,-156.00,100.00
11.20,696.00,-204.00,236.00
11.22,944.00,-172.00,272.00
11.25,1196.00,-168.00,124.00
11.28,1364.00,-144.00,100.00
11.30,1464.00,-80.00,92.00
11.32,1568.00,-124.00,236.00
11.35,1716.00,-88.00,-172.00
11.37,1760.00,-124.00,140.00
11.40,1628.00,-8.00,212.00
11.45,1644.00,172.00,-132.00
11.47,1400.00,92.00,4.00
11.50,1264.00,68.00,220.00
11.52,1140.00,164.00,28.00
11.57,956.00,128.00,112.00
11.60,696.00,124.00,76.00
11.62,660.00,128.00,76.00
11.65,644.00,212.00,96.00
11.67,760.00,156.00,276.00
11.70,780.00,12.00,248.00
11.72,912.00,108.00,264.00
11.74,1008.00,84.00,292.00
11.77,1312.00,28.00,152.00
11.79,1356.00,112.00,-44.00
11.84,1640.00,56.00,68.00
11.86,1768.00,-12.00,-52.00
11.89,1656.00,72.00,292.00
11.94,1568.00,-352.00,-40.00
11.96,1464.00,-96.00,88.00
11.99,1336.00,4.00,-92.00
12.01,1240.00,-228.00,-36.00
12.04,1136.00,-144.00,48.00
12.08,680.00,-108.00,148.00
12.11,748.00,-220.00,72.00
12.16,664.00,-28.00,268.00
12.18,756.00,-292.00,224.00
12.21,784.00,-68.00,144.00
12.23,996.00,-304.00,320.00
12.26,1088.00,-136.00,80.00
12.28,1352.00,-168.00,68.00
12.31,1504.00,-32.00,-140.00
12.33,1540.00,-80.00,192.00
12.35,1664.00,60.00,-152.00
12.38,1736.00,-20.00,176.00
12.40,1560.00,-32.00,360.00
12.43,1580.00,144.00,-332.00
12.45,1592.00,96.00,-508.00
12.48,1456.00,160.00,-64.00
12.50,1100.00,40.00,224.00
12.53,1048.00,164.00,80.00
12.55,1020.00,28.00,92.00
12.57,804.00,232.00,100.00
12.60,812.00,164.00,108.00
12.63,692.00,132.00,96.00
12.65,780.00,104.00,-148.00
12.67,820.00,-36.00,276.00
12.70,784.00,40.00,208.00
12.72,908.00,92.00,256.00
12.77,1156.00,64.00,216.00
12.80,1492.00,124.00,136.00
12.82,1352.00,4.00,164.00
12.85,1600.00,144.00,228.00
12.87,1704.00,-48.00,-128.00
12.92,1564.00,-76.00,-360.00
12.94,1660.00,-100.00,-208.00
12.97,1284.00,-232.00,48.00
12.99,1212.00,-172.00,104.00
13.02,1088.00,-144.00,76.00
13.04,1024.00,-208.00,52.00
13.07,796.00,-172.00,108.00
13.09,668.00,-172.00,36.00
13.12,772.00,-224.00,68.00
13.14,712.00,-204.00,88.00
13.16,812.00,-192.00,340.00
13.19,900.00,-264.00,296.00
13.21,968.00,-132.00,176.00
13.24,1044.00,-196.00,236.00
13.26,1108.00,-132.00,156.00
13.29,1296.00,-132.00,-484.00
13.31,1496.00,-88.00,140.00
13.34,1588.00,-48.00,-24.00
13.36,1552.00,24.00,56.00
13.36,1552.00,24.00,56.00
13.41,1620.00,80.00,32.00
13.43,1388.00,52.00,-8.00
13.46,1380.00,112.00,-236.00
13.48,1252.00,180.00,-204.00
13.53,968.00,132.00,0.00
13.56,856.00,120.00,-40.00
13.58,736.00,100.00,100.00
13.61,720.00,128.00,120.00
13.63,740.00,172.00,104.00
13.66,784.00,92.00,68.00
13.68,972.00,164.00,284.00
13.70,804.00,44.00,252.00
13.73,968.00,140.00,320.00
13.75,1124.00,92.00,184.00
13.78,1300.00,44.00,256.00
13.80,1372.00,-16.00,256.00
13.83,1548.00,24.00,-24.00
13.85,1540.00,-76.00,20.00
13.88,1524.00,-68.00,124.00
13.90,1516.00,-28.00,172.00
13.92,1564.00,-60.00,-440.00
13.95,1208.00,-232.00,-180.00
13.97,1320.00,24.00,0.00
14.00,1076.00,-148.00,-56.00
14.02,992.00,-116.00,152.00
14.05,928.00,-192.00,-64.00
14.10,684.00,-252.00,132.00
14.17,900.00,-180.00,8.00
14.19,1028.00,-20.00,120.00
14.24,1168.00,-180.00,180.00
14.27,1268.00,-64.00,192.00
14.29,1344.00,-112.00,-96.00
14.32,1532.00,-4.00,172.00
14.34,1520.00,-72.00,176.00
14.37,1564.00,40.00,-120.00
14.39,1492.00,12.00,-48.00
14.42,1388.00,112.00,-464.00
14.44,1388.00,244.00,-344.00
14.47,1188.00,148.00,-288.00
14.49,1080.00,136.00,-36.00
14.52,996.00,44.00,132.00
14.54,852.00,72.00,-32.00
14.59,808.00,52.00,100.00
14.61,728.00,200.00,120.00
14.63,764.00,116.00,128.00
14.66,820.00,52.00,52.00
14.69,1024.00,112.00,376.00
14.71,1044.00,0.00,300.00
14.73,1120.00,124.00,248.00
14.76,1236.00,-4.00,180.00
14.78,1496.00,80.00,172.00
14.81,1360.00,-4.00,152.00
14.86,1460.00,-88.00,144.00
14.88,1520.00,-40.00,28.00
14.91,1452.00,-140.00,276.00
14.94,1220.00,-84.00,-84.00
14.96,1316.00,-184.00,-356.00
14.99,1064.00,-132.00,-112.00
15.01,920.00,-120.00,76.00
15.06,860.00,-156.00,-16.00
15.08,800.00,-140.00,164.00
15.11,804.00,-196.00,8.00
15.13,828.00,-144.00,116.00
15.16,908.00,-160.00,12.00
15.18,960.00,-152.00,148.00
15.21,996.00,-180.00,332.00
15.23,1232.00,-172.00,332.00
15.25,1276.00,-108.00,236.00
15.28,1384.00,-16.00,164.00
15.30,1340.00,-4.00,112.00
15.33,1428.00,-24.00,4.00
15.35,1428.00,24.00,268.00
15.38,1448.00,44.00,-48.00
15.40,1336.00,64.00,64.00
15.42,1240.00,20.00,-544.00
15.45,1276.00,276.00,-340.00
15.48,1020.00,124.00,-288.00
15.50,940.00,108.00,-60.00
15.52,852.00,112.00,32.00
15.55,784.00,208.00,68.00
15.57,764.00,112.00,12.00
15.59,832.00,128.00,136.00
15.62,796.00,220.00,96.00
15.64,844.00,84.00,140.00
15.67,920.00,124.00,-32.00
15.69,1100.00,116.00,264.00
15.74,1232.00,8.00,440.00
15.76,1336.00,76.00,124.00
15.79,1380.00,-16.00,-96.00
15.82,1436.00,-44.00,256.00
15.84,1432.00,-32.00,52.00
15.86,1416.00,-32.00,108.00
15.89,1380.00,-40.00,-40.00
15.91,1288.00,-104.00,124.00
15.96,1060.00,-120.00,84.00
15.99,968.00,-188.00,-76.00
16.01,956.00,-168.00,-184.00
16.06,848.00,-144.00,4.00
16.08,808.00,-160.00,64.00
16.11,856.00,-176.00,40.00
16.13,932.00,-156.00,144.00
16.16,1004.00,-124.00,68.00
16.18,1084.00,-104.00,52.00
16.21,1132.00,-88.00,108.00
16.23,1212.00,-52.00,172.00
16.25,1344.00,-100.00,188.00
16.28,1340.00,-80.00,88.00
16.31,1360.00,12.00,184.00
16.33,1396.00,-40.00,68.00
16.35,1392.00,28.00,144.00
16.38,1320.00,72.00,84.00
16.40,1228.00,32.00,16.00
16.43,1100.00,60.00,88.00
16.45,1028.00,72.00,48.00
16.47,1000.00,36.00,-180.00
16.53,808.00,124.00,-48.00
16.55,796.00,52.00,-72.00
16.58,780.00,92.00,148.00
16.60,828.00,116.00,28.00
16.67,1084.00,76.00,152.00
16.70,1180.00,56.00,136.00
16.75,1312.00,12.00,128.00
16.77,1348.00,8.00,144.00
16.80,1368.00,-52.00,192.00
16.82,1388.00,-12.00,84.00
16.85,1320.00,-72.00,148.00
16.87,1284.00,-56.00,40.00
16.89,1216.00,-120.00,76.00
16.92,1128.00,-104.00,76.00
16.94,1064.00,-108.00,-12.00
16.97,960.00,-120.00,36.00
16.99,896.00,-152.00,36.00
17.02,840.00,-156.00,52.00
17.04,844.00,-172.00,60.00
17.07,804.00,-152.00,-100.00
17.09,924.00,-128.00,-192.00
17.11,964.00,-108.00,-204.00
17.14,1000.00,-84.00,92.00
17.17,1028.00,-84.00,-12.00
17.19,1168.00,-76.00,72.00
17.22,1268.00,-96.00,56.00
17.26,1348.00,-20.00,176.00
17.29,1368.00,-4.00,156.00
17.31,1356.00,12.00,56.00
17.36,1256.00,40.00,144.00
17.38,1208.00,28.00,112.00
17.41,1128.00,80.00,92.00
17.43,996.00,92.00,108.00
17.46,924.00,96.00,104.00
17.51,836.00,60.00,92.00
17.53,804.00,84.00,100.00
17.56,840.00,60.00,60.00
17.58,868.00,88.00,76.00
17.60,904.00,68.00,36.00
17.63,972.00,52.00,72.00
17.66,1092.00,76.00,60.00
17.68,1164.00,60.00,52.00
17.71,1232.00,40.00,60.00
17.73,1284.00,40.00,68.00
17.75,1324.00,-16.00,8.00
17.78,1360.00,0.00,36.00
17.80,1348.00,-12.00,72.00
17.85,1276.00,-80.00,44.00
17.87,1216.00,-100.00,52.00
17.90,1128.00,-96.00,16.00
17.92,984.00,-148.00,112.00
17.95,956.00,-196.00,52.00
17.97,872.00,-160.00,12.00
18.02,828.00,-168.00,96.00
18.05,848.00,-160.00,48.00
18.07,856.00,-136.00,92.00
18.10,908.00,-120.00,84.00
18.12,1024.00,-112.00,76.00
18.15,1088.00,-124.00,96.00
18.17,1168.00,-108.00,100.00
18.19,1220.00,-64.00,100.00
18.22,1316.00,-44.00,104.00
18.25,1348.00,-12.00,160.00
18.27,1372.00,-48.00,12.00
18.29,1396.00,4.00,-4.00
18.32,1296.00,12.00,88.00
18.34,1216.00,56.00,64.00
18.37,1144.00,56.00,52.00
18.39,1052.00,40.00,144.00
18.41,988.00,108.00,-72.00
18.44,964.00,116.00,-76.00
18.46,852.00,120.00,68.00
18.49,812.00,84.00,80.00
18.51,816.00,100.00,28.00
18.54,812.00,96.00,48.00
18.56,892.00,96.00,40.00
18.61,1020.00,68.00,32.00
18.69,1256.00,12.00,96.00
18.71,1308.00,36.00,72.00
18.73,1312.00,-20.00,140.00
18.76,1332.00,-32.00,76.00
18.78,1336.00,-64.00,92.00
18.81,1264.00,-80.00,116.00
18.83,1212.00,-88.00,92.00
18.86,1164.00,-112.00,84.00
18.88,1080.00,-108.00,-68.00
18.91,980.00,-128.00,108.00
18.93,916.00,-156.00,52.00
18.95,880.00,-116.00,40.00
18.98,864.00,-152.00,8.00
19.00,840.00,-160.00,32.00
19.03,880.00,-144.00,-4.00
19.05,896.00,-136.00,76.00
19.08,928.00,-92.00,-52.00
19.10,1004.00,-108.00,64.00
19.13,1068.00,-100.00,28.00
19.15,1204.00,-52.00,20.00
19.18,1244.00,-68.00,72.00
19.20,1292.00,-56.00,36.00
19.22,1328.00,-20.00,84.00
19.25,1324.00,12.00,76.00
19.27,1292.00,12.00,64.00
19.30,1256.00,-60.00,64.00
19.32,1184.00,156.00,172.00
19.35,1132.00,96.00,88.00
19.37,1008.00,28.00,120.00
19.40,952.00,112.00,136.00
19.44,864.00,80.00,124.00
19.47,828.00,76.00,92.00
19.50,832.00,100.00,96.00
19.52,848.00,108.00,104.00
19.54,884.00,52.00,100.00
19.57,940.00,72.00,76.00
19.59,1032.00,24.00,156.00
19.62,1156.00,64.00,16.00
19.64,1128.00,68.00,68.00
19.67,1252.00,8.00,84.00
19.69,1264.00,36.00,36.00
19.72,1300.00,-20.00,52.00
19.74,1300.00,-28.00,80.00
19.76,1312.00,-52.00,20.00
19.79,1264.00,-68.00,52.00
19.81,1224.00,-104.00,36.00
19.84,1104.00,-108.00,24.00
19.86,1024.00,-108.00,40.00
19.89,976.00,-108.00,28.00
19.91,936.00,-136.00,36.00
19.94,872.00,-148.00,32.00
19.96,856.00,-160.00,76.00
19.99,864.00,-136.00,20.00
20.01,868.00,-152.00,24.00
20.03,936.00,-128.00,16.00
20.06,1008.00,-124.00,104.00
20.08,1052.00,-88.00,80.00
20.11,1120.00,-96.00,88.00
20.13,1180.00,-92.00,112.00
20.15,1232.00,-48.00,108.00
20.21,1304.00,-16.00,104.00
20.23,1300.00,-8.00,104.00
20.25,1280.00,24.00,72.00
20.28,1284.00,64.00,92.00
20.30,1132.00,76.00,60.00
20.33,1088.00,40.00,32.00
20.35,1016.00,64.00,56.00
20.38,968.00,104.00,64.00
20.40,872.00,100.00,52.00
20.43,840.00,108.00,60.00
20.45,832.00,84.00,32.00
20.48,832.00,100.00,64.00
20.51,880.00,68.00,52.00
20.53,936.00,72.00,40.00
20.55,984.00,76.00,60.00
20.60,1096.00,40.00,52.00
20.65,1256.00,16.00,44.00
20.67,1284.00,8.00,64.00
20.70,1308.00,-20.00,68.00
20.72,1376.00,-28.00,-20.00
20.75,1264.00,-76.00,148.00
20.77,1188.00,-52.00,76.00
20.79,1168.00,-100.00,100.00
20.82,1108.00,-140.00,76.00
20.84,1056.00,-116.00,80.00
20.87,940.00,-140.00,72.00
20.89,904.00,-156.00,64.00
20.92,864.00,-152.00,56.00
20.94,860.00,-128.00,40.00
20.97,880.00,-132.00,-16.00
20.99,904.00,-172.00,24.00
21.02,952.00,-152.00,76.00
21.04,1020.00,-108.00,52.00
21.07,1020.00,-76.00,44.00
21.09,1164.00,-64.00,48.00
21.11,1196.00,-56.00,40.00
21.14,1256.00,-60.00,48.00
21.16,1276.00,-28.00,60.00
21.19,1284.00,0.00,56.00
21.21,1272.00,12.00,60.00
21.24,1252.00,24.00,60.00
21.26,1200.00,48.00,60.00
21.28,1144.00,40.00,48.00
21.34,960.00,52.00,100.00
21.36,940.00,100.00,48.00
21.38,880.00,92.00,80.00
21.41,820.00,20.00,52.00
21.43,820.00,72.00,108.00
21.46,856.00,84.00,104.00
21.48,884.00,80.00,60.00
21.50,904.00,48.00,100.00
21.53,988.00,56.00,124.00
21.55,1020.00,48.00,104.00
21.58,1136.00,36.00,92.00
21.60,1200.00,8.00,96.00
21.63,1228.00,-12.00,44.00
21.65,1280.00,-36.00,56.00
21.68,1296.00,-28.00,44.00
21.73,1248.00,-56.00,56.00
21.75,1216.00,-72.00,48.00
21.78,1100.00,-72.00,48.00
21.83,1000.00,-112.00,40.00
21.85,952.00,-152.00,28.00
21.88,916.00,-132.00,48.00
21.90,868.00,-148.00,28.00
21.95,880.00,-140.00,24.00
21.97,912.00,-144.00,48.00
22.00,940.00,-112.00,64.00
22.05,1112.00,-80.00,8.00
22.09,1140.00,-92.00,72.00
22.12,1296.00,-52.00,28.00
22.15,1276.00,-20.00,120.00
22.20,1264.00,24.00,84.00
22.22,1224.00,28.00,132.00
22.24,1140.00,40.00,144.00
22.27,1084.00,68.00,40.00
22.29,1040.00,76.00,60.00
22.32,996.00,100.00,76.00
22.34,928.00,92.00,52.00
22.37,856.00,88.00,68.00
22.39,844.00,80.00,48.00
22.41,844.00,92.00,44.00
22.44,868.00,72.00,56.00
22.48,972.00,68.00,72.00
22.51,1020.00,56.00,52.00
22.53,1076.00,64.00,60.00
22.56,1120.00,36.00,56.00
22.58,1224.00,28.00,48.00
22.61,1244.00,4.00,72.00
22.63,1272.00,-12.00,52.00
22.66,1256.00,-16.00,68.00
22.71,1280.00,-64.00,160.00
22.73,1148.00,-72.00,-12.00
22.75,1088.00,-104.00,140.00
22.78,1040.00,-100.00,68.00
22.80,1012.00,-124.00,88.00
22.83,916.00,-136.00,72.00
22.85,892.00,-128.00,48.00
22.88,868.00,-120.00,96.00
22.90,868.00,-160.00,56.00
22.92,904.00,-140.00,28.00
22.95,960.00,-108.00,8.00
22.97,984.00,-100.00,80.00
23.00,1040.00,-112.00,44.00
23.02,1088.00,-104.00,40.00
23.07,1224.00,-48.00,52.00
23.09,1248.00,-24.00,64.00
23.12,1248.00,-12.00,60.00
23.14,1264.00,-4.00,56.00
23.17,1244.00,0.00,72.00
23.19,1224.00,24.00,72.00
23.21,1132.00,40.00,60.00
23.24,1064.00,68.00,96.00
23.26,1024.00,48.00,92.00
23.29,956.00,72.00,48.00
23.31,904.00,60.00,76.00
23.34,884.00,76.00,44.00
23.36,816.00,60.00,136.00
23.39,864.00,92.00,84.00
23.41,868.00,56.00,88.00
23.43,940.00,52.00,36.00
23.46,964.00,76.00,128.00
23.48,1024.00,56.00,104.00
23.51,1072.00,52.00,100.00
23.53,1156.00,24.00,96.00
23.56,1220.00,12.00,48.00
23.61,1252.00,0.00,56.00
23.63,1252.00,-24.00,60.00
23.68,1184.00,-56.00,36.00
23.70,1152.00,-80.00,52.00
23.73,1092.00,-92.00,32.00
23.75,1064.00,-180.00,48.00
23.78,952.00,-140.00,36.00
23.81,924.00,-156.00,72.00
23.83,900.00,-108.00,24.00
23.86,876.00,-160.00,16.00
23.88,876.00,-120.00,48.00
23.90,896.00,-100.00,40.00
23.93,952.00,-112.00,28.00
23.95,968.00,-120.00,48.00
23.98,1080.00,-88.00,48.00
24.00,1132.00,-104.00,100.00
24.03,1156.00,-64.00,120.00
24.05,1216.00,-56.00,64.00
24.07,1224.00,-40.00,124.00
24.10,1224.00,-12.00,80.00
24.12,1248.00,-16.00,100.00
24.15,1220.00,44.00,36.00
24.17,1180.00,36.00,60.00
24.22,1028.00,32.00,68.00
24.24,984.00,72.00,64.00
24.29,904.00,64.00,60.00
24.32,876.00,84.00,52.00
24.35,860.00,80.00,60.00
24.39,892.00,68.00,56.00
24.42,936.00,64.00,48.00
24.44,1020.00,48.00,64.00
24.49,1112.00,40.00,64.00
24.54,1196.00,20.00,80.00
24.56,1224.00,0.00,64.00
24.59,1248.00,-16.00,80.00
24.61,1236.00,-56.00,104.00
24.64,1200.00,-56.00,120.00
24.66,1172.00,-72.00,48.00
24.69,1140.00,-128.00,104.00
24.71,1052.00,-112.00,60.00
24.73,1008.00,-96.00,36.00
24.78,912.00,-140.00,12.00
24.81,908.00,-144.00,48.00
24.83,884.00,-148.00,64.00
24.85,908.00,-124.00,16.00
24.88,916.00,-108.00,52.00
24.93,1032.00,-88.00,44.00
24.96,1072.00,-88.00,64.00
24.98,1124.00,-100.00,40.00
25.00,1168.00,-56.00,60.00
25.03,1220.00,-40.00,56.00
25.05,1236.00,-20.00,60.00
25.08,1228.00,-8.00,64.00
25.10,1216.00,12.00,60.00
25.13,1192.00,16.00,68.00
25.15,1132.00,52.00,60.00
25.18,1052.00,32.00,96.00
25.20,1028.00,52.00,64.00
25.22,956.00,36.00,60.00
25.25,952.00,76.00,76.00
25.27,868.00,52.00,108.00
25.30,872.00,116.00,72.00
25.32,880.00,40.00,64.00
25.35,880.00,64.00,116.00
25.37,948.00,40.00,20.00
25.40,984.00,60.00,60.00
25.42,1020.00,44.00,68.00
25.45,1068.00,40.00,84.00
25.48,1160.00,12.00,56.00
25.50,1184.00,12.00,48.00
25.52,1212.00,8.00,56.00
25.55,1228.00,-16.00,56.00
25.57,1224.00,-44.00,36.00
25.60,1192.00,-52.00,44.00
25.64,1128.00,-84.00,60.00
25.67,1080.00,-72.00,24.00
25.69,1044.00,-136.00,52.00
25.72,972.00,-108.00,28.00
25.76,888.00,-144.00,64.00
25.79,896.00,-140.00,56.00
25.81,892.00,-132.00,76.00
25.84,928.00,-116.00,72.00
25.86,948.00,-76.00,56.00
25.89,976.00,-136.00,104.00
25.91,1008.00,-100.00,24.00
25.94,1080.00,-88.00,48.00
25.96,1152.00,-88.00,60.00
25.98,1184.00,-40.00,44.00
26.01,1208.00,-24.00,64.00
26.04,1212.00,4.00,64.00
26.06,1196.00,32.00,88.00
26.09,1184.00,8.00,52.00
26.11,1152.00,36.00,32.00
26.13,1108.00,0.00,52.00
26.16,1072.00,60.00,64.00
26.18,972.00,32.00,68.00
26.21,944.00,88.00,48.00
26.23,908.00,64.00,76.00
26.25,888.00,80.00,52.00
26.28,864.00,68.00,60.00
26.31,872.00,84.00,92.00
26.33,908.00,40.00,80.00
26.35,932.00,72.00,100.00
26.38,976.00,36.00,80.00
26.40,1060.00,40.00,80.00
26.43,1088.00,52.00,124.00
26.45,1152.00,-4.00,32.00
26.48,1172.00,0.00,52.00
26.50,1196.00,8.00,60.00
26.52,1220.00,-28.00,60.00
26.55,1204.00,-40.00,52.00
26.57,1180.00,-52.00,44.00
26.60,1144.00,-64.00,40.00
26.62,1112.00,-100.00,36.00
26.65,1020.00,-80.00,40.00
26.67,996.00,-132.00,76.00
26.72,912.00,-132.00,16.00
26.74,920.00,-112.00,28.00
26.77,884.00,-124.00,80.00
26.79,924.00,-148.00,32.00
26.82,924.00,-100.00,44.00
26.84,944.00,-108.00,60.00
26.86,988.00,-128.00,48.00
26.89,1044.00,-92.00,56.00
26.91,1104.00,-84.00,100.00
26.94,1144.00,-52.00,76.00
26.96,1184.00,-44.00,52.00
26.98,1196.00,-32.00,60.00
27.01,1204.00,-12.00,60.00
27.03,1200.00,0.00,60.00
27.06,1164.00,24.00,68.00
27.08,1132.00,36.00,68.00
27.11,1048.00,8.00,48.00
27.13,1032.00,88.00,48.00
27.16,988.00,48.00,52.00
27.18,928.00,68.00,68.00
27.21,892.00,40.00,48.00
27.23,864.00,104.00,64.00
27.26,880.00,68.00,52.00
27.28,896.00,68.00,44.00
27.30,904.00,76.00,80.00
27.33,932.00,52.00,68.00
27.38,1060.00,36.00,72.00
27.40,1096.00,20.00,64.00
27.42,1140.00,16.00,64.00
27.45,1164.00,0.00,56.00
27.48,1196.00,-16.00,52.00
27.50,1200.00,-36.00,56.00
27.52,1192.00,-40.00,52.00
27.55,1168.00,-56.00,52.00
27.57,1144.00,-72.00,40.00
27.60,1056.00,-84.00,68.00
27.62,1028.00,-104.00,32.00
27.64,988.00,-116.00,48.00
27.67,952.00,-120.00,36.00
27.70,900.00,-128.00,48.00
27.72,904.00,-132.00,48.00
27.75,904.00,-120.00,52.00
27.77,920.00,-132.00,40.00
27.80,932.00,-112.00,60.00
27.82,1004.00,-104.00,12.00
27.84,1032.00,-88.00,48.00
27.87,1064.00,-88.00,96.00
27.89,1112.00,-68.00,36.00
27.94,1192.00,-32.00,60.00
27.99,1192.00,-4.00,56.00
28.01,1180.00,8.00,64.00
28.06,1084.00,20.00,76.00
28.09,1060.00,16.00,60.00
28.11,988.00,72.00,112.00
28.14,972.00,60.00,64.00
28.16,900.00,60.00,76.00
28.21,880.00,76.00,72.00
28.24,876.00,68.00,76.00
28.27,928.00,32.00,100.00
28.31,980.00,40.00,68.00
28.34,1012.00,72.00,28.00
28.36,1072.00,16.00,72.00
28.38,1132.00,40.00,72.00
28.43,1180.00,0.00,60.00
28.46,1188.00,-16.00,40.00
28.48,1192.00,-40.00,56.00
28.51,1148.00,-64.00,48.00
28.55,1088.00,-72.00,48.00
28.58,1056.00,-100.00,60.00
28.61,984.00,-112.00,44.00
28.63,952.00,-112.00,36.00
28.65,924.00,-128.00,52.00
28.68,912.00,-120.00,44.00
28.70,900.00,-128.00,56.00
28.73,916.00,-120.00,40.00
28.78,956.00,-92.00,64.00
28.80,1012.00,-104.00,56.00
28.83,1064.00,-76.00,84.00
28.85,1108.00,-68.00,52.00
28.88,1144.00,-60.00,40.00
28.92,1180.00,-20.00,56.00
28.95,1180.00,4.00,64.00
28.97,1156.00,8.00,44.00
29.00,1140.00,12.00,72.00
29.02,1100.00,32.00,72.00
29.04,1068.00,32.00,20.00
29.07,1048.00,96.00,76.00
29.09,980.00,-4.00,48.00
29.12,932.00,92.00,72.00
29.14,920.00,52.00,52.00
29.16,892.00,68.00,48.00
29.19,896.00,40.00,84.00
29.21,904.00,64.00,84.00
29.24,936.00,52.00,76.00
29.26,952.00,60.00,96.00
29.29,988.00,72.00,52.00
29.31,1032.00,28.00,72.00
29.34,1088.00,32.00,84.00
29.36,1128.00,8.00,60.00
29.38,1152.00,8.00,64.00
29.41,1168.00,-4.00,60.00
29.44,1172.00,-40.00,64.00
29.39,1160.00,-36.00,48.00
29.42,1132.00,-56.00,36.00
29.44,1108.00,-72.00,48.00
29.47,1084.00,-108.00,48.00
29.49,1016.00,-124.00,84.00
29.52,1004.00,-72.00,8.00
29.54,936.00,-124.00,52.00
29.56,928.00,-148.00,48.00
29.59,908.00,-124.00,32.00
29.62,908.00,-120.00,72.00
29.64,920.00,-104.00,60.00
29.66,952.00,-116.00,72.00
29.71,1032.00,-112.00,40.00
29.74,1060.00,-80.00,72.00
29.76,1112.00,-48.00,52.00
29.78,1140.00,-52.00,60.00
29.81,1168.00,-20.00,56.00
29.84,1164.00,-16.00,48.00
29.86,1160.00,0.00,56.00
29.89,1148.00,16.00,72.00
29.91,1128.00,32.00,56.00
29.93,1060.00,16.00,68.00
29.96,1024.00,28.00,88.00
29.98,1000.00,16.00,40.00
30.01,972.00,96.00,44.00
30.03,936.00,32.00,60.00
30.05,908.00,80.00,60.00
30.08,884.00,52.00,88.00
30.10,900.00,56.00,76.00
30.13,908.00,44.00,96.00
30.15,940.00,52.00,76.00
30.18,960.00,68.00,92.00
30.20,1028.00,12.00,48.00
30.22,1060.00,36.00,72.00
30.25,1096.00,32.00,64.00
30.27,1128.00,-16.00,64.00
30.30,1148.00,-8.00,52.00
30.34,1160.00,-32.00,56.00
30.37,1144.00,-56.00,56.00
30.40,1128.00,-56.00,44.00
30.45,1040.00,-92.00,36.00
30.47,1000.00,-88.00,44.00
30.49,956.00,-100.00,20.00
30.52,952.00,-116.00,52.00
30.54,916.00,-124.00,56.00
30.57,912.00,-124.00,36.00
30.59,908.00,-108.00,64.00
30.61,928.00,-116.00,72.00
30.64,964.00,-104.00,48.00
30.66,1012.00,-88.00,56.00
30.69,1032.00,-88.00,60.00
30.71,1084.00,-64.00,48.00
30.73,1112.00,-56.00,52.00
30.76,1128.00,-48.00,48.00
30.78,1148.00,-16.00,60.00
30.81,1156.00,-16.00,64.00
30.85,1132.00,8.00,48.00
30.88,1108.00,20.00,56.00
30.91,1064.00,64.00,20.00
30.96,992.00,24.00,36.00
30.98,940.00,80.00,52.00
31.00,920.00,84.00,68.00
31.03,888.00,56.00,76.00
31.05,900.00,52.00,68.00
31.08,908.00,52.00,76.00
31.10,916.00,28.00,112.00
31.12,952.00,60.00,68.00
31.15,1004.00,44.00,88.00
31.17,1032.00,48.00,60.00
31.20,1072.00,4.00,64.00
31.24,1128.00,8.00,68.00
31.27,1148.00,-16.00,68.00
31.29,1156.00,-24.00,44.00
31.32,1152.00,-36.00,56.00
31.34,1148.00,-56.00,48.00
31.36,1108.00,-60.00,60.00
31.39,1064.00,-72.00,20.00
31.42,1024.00,-96.00,36.00
31.44,996.00,-92.00,64.00
31.46,964.00,-112.00,60.00
31.49,936.00,-96.00,20.00
31.52,920.00,-108.00,56.00
31.54,916.00,-120.00,44.00
31.57,920.00,-116.00,60.00
31.62,984.00,-88.00,20.00
31.64,1024.00,-84.00,44.00
31.66,1048.00,-80.00,68.00
31.69,1064.00,-76.00,32.00
31.71,1124.00,-44.00,60.00
31.74,1136.00,-44.00,60.00
31.76,1156.00,-28.00,56.00
31.79,1144.00,-4.00,56.00
31.81,1132.00,-8.00,56.00
31.84,1100.00,16.00,52.00
31.86,1064.00,36.00,76.00
31.88,1020.00,28.00,84.00
31.91,988.00,64.00,44.00
31.93,968.00,12.00,80.00
31.98,908.00,76.00,80.00
32.00,908.00,56.00,40.00
32.03,908.00,64.00,40.00
32.08,952.00,36.00,68.00
32.10,992.00,72.00,60.00
32.13,1020.00,20.00,72.00
32.15,1040.00,0.00,56.00
32.17,1056.00,-8.00,48.00
32.20,1104.00,16.00,68.00
32.22,1148.00,-4.00,52.00
32.25,1144.00,-24.00,56.00
32.27,1148.00,-28.00,60.00
32.29,1132.00,-40.00,48.00
32.32,1116.00,-76.00,48.00
32.34,1068.00,-72.00,60.00
32.37,1040.00,-64.00,36.00
32.39,1012.00,-104.00,64.00
32.42,984.00,-96.00,44.00
32.44,972.00,-108.00,52.00
32.49,916.00,-116.00,48.00
32.51,924.00,-116.00,60.00
32.54,932.00,-128.00,80.00
32.56,972.00,-100.00,48.00
32.62,1016.00,-64.00,68.00
32.64,1048.00,-76.00,48.00
32.66,1104.00,-52.00,52.00
32.69,1128.00,-40.00,52.00
32.74,1144.00,-20.00,64.00
32.76,1144.00,0.00,64.00
32.79,1100.00,12.00,60.00
32.81,1084.00,20.00,56.00
32.83,1044.00,28.00,72.00
32.86,1032.00,32.00,52.00
32.88,1008.00,52.00,84.00
32.91,952.00,40.00,40.00
32.93,920.00,68.00,64.00
32.98,900.00,76.00,76.00
33.03,928.00,48.00,92.00
33.05,956.00,36.00,76.00
33.08,996.00,64.00,60.00
33.12,1036.00,32.00,64.00
33.15,1104.00,4.00,48.00
33.18,1108.00,4.00,60.00
33.20,1124.00,-4.00,56.00
33.23,1140.00,-36.00,60.00
33.25,1124.00,-44.00,44.00
33.28,1104.00,-48.00,60.00
33.30,1088.00,-68.00,56.00
33.35,1036.00,-100.00,52.00
33.37,976.00,-88.00,68.00
33.40,952.00,-96.00,24.00
33.42,936.00,-132.00,60.00
33.44,940.00,-108.00,24.00
33.47,928.00,-96.00,72.00
33.49,932.00,-112.00,80.00
33.52,952.00,-104.00,52.00
33.54,996.00,-88.00,32.00
33.57,1004.00,-96.00,92.00
33.59,1016.00,-76.00,68.00
33.62,1084.00,-60.00,28.00
33.64,1100.00,-56.00,60.00
33.66,1112.00,-44.00,40.00
33.69,1136.00,-20.00,92.00
33.72,1136.00,-8.00,52.00
33.74,1120.00,4.00,44.00
33.76,1088.00,8.00,68.00
33.81,1044.00,28.00,36.00
33.86,968.00,32.00,44.00
33.89,932.00,68.00,52.00
33.91,912.00,52.00,52.00
33.96,912.00,36.00,56.00
33.98,920.00,84.00,68.00
34.01,936.00,28.00,80.00
34.03,968.00,52.00,76.00
34.06,1016.00,12.00,84.00
34.08,1044.00,32.00,80.00
34.11,1072.00,16.00,72.00
34.13,1100.00,12.00,64.00
34.18,1128.00,-24.00,52.00
34.21,1120.00,-28.00,40.00
34.25,1104.00,-64.00,44.00
34.28,1044.00,-84.00,52.00
34.31,1012.00,-72.00,48.00
34.33,992.00,-116.00,72.00
34.35,968.00,-96.00,20.00
34.40,960.00,-128.00,16.00
34.45,908.00,-108.00,92.00
34.48,968.00,-120.00,24.00
34.50,972.00,-100.00,84.00
34.52,1004.00,-92.00,72.00
34.57,1048.00,-76.00,52.00
34.60,1080.00,-68.00,48.00
34.62,1108.00,-40.00,48.00
34.65,1120.00,-32.00,56.00
34.67,1124.00,0.00,40.00
34.70,1112.00,-8.00,48.00
34.72,1100.00,12.00,68.00
34.75,1056.00,20.00,68.00
34.77,1032.00,36.00,52.00
34.79,984.00,56.00,84.00
34.82,996.00,32.00,92.00
34.85,944.00,32.00,48.00
34.87,916.00,60.00,64.00
34.89,924.00,48.00,56.00
34.92,908.00,60.00,72.00
34.94,912.00,64.00,80.00
34.90,944.00,40.00,84.00
34.93,972.00,40.00,52.00
34.95,1008.00,32.00,56.00
34.98,1020.00,32.00,64.00
35.00,1080.00,4.00,52.00
35.03,1100.00,4.00,60.00
35.05,1108.00,-16.00,52.00
35.07,1112.00,-12.00,52.00
35.10,1120.00,-28.00,52.00
35.13,1104.00,-52.00,48.00
35.17,1060.00,-76.00,52.00
35.20,1028.00,-80.00,36.00
35.22,1016.00,-96.00,36.00
35.25,968.00,-108.00,48.00
35.27,952.00,-108.00,48.00
35.30,940.00,-100.00,60.00
35.32,928.00,-108.00,56.00
35.35,940.00,-108.00,56.00
35.37,960.00,-100.00,64.00
35.39,988.00,-80.00,36.00
35.42,992.00,-108.00,60.00
35.44,1012.00,-88.00,52.00
35.47,1060.00,-68.00,44.00
35.49,1080.00,-60.00,56.00
35.52,1096.00,-28.00,52.00
35.54,1104.00,-32.00,52.00
35.57,1116.00,-4.00,60.00
35.59,1104.00,-4.00,64.00
35.62,1092.00,8.00,56.00
35.64,1072.00,16.00,52.00
35.66,1028.00,16.00,40.00
35.71,964.00,32.00,68.00
35.74,952.00,40.00,56.00
35.76,932.00,60.00,48.00
35.78,912.00,52.00,52.00
35.83,920.00,40.00,88.00
35.85,940.00,48.00,64.00
35.88,964.00,44.00,60.00
35.90,988.00,20.00,56.00
35.93,1012.00,20.00,64.00
35.95,1060.00,4.00,56.00
35.98,1084.00,8.00,76.00
36.00,1088.00,0.00,56.00
36.02,1104.00,-12.00,52.00
36.08,1104.00,-48.00,56.00
36.10,1084.00,-52.00,44.00
36.12,1072.00,-64.00,40.00
36.15,1056.00,-68.00,48.00
36.17,1028.00,-84.00,44.00
36.22,952.00,-116.00,48.00
36.27,944.00,-84.00,48.00
36.30,928.00,-120.00,40.00
36.32,928.00,-76.00,76.00
36.34,948.00,-96.00,48.00
36.37,980.00,-88.00,4.00
36.39,1000.00,-88.00,104.00
36.42,1052.00,-68.00,60.00
36.45,1064.00,-48.00,44.00
36.47,1072.00,-60.00,36.00
36.49,1112.00,-44.00,44.00
36.52,1104.00,-16.00,68.00
36.54,1104.00,-12.00,52.00
36.57,1092.00,8.00,68.00
36.59,1084.00,8.00,64.00
36.61,1056.00,16.00,64.00
36.64,1000.00,24.00,64.00
36.66,1004.00,24.00,52.00
36.69,988.00,48.00,32.00
36.71,968.00,40.00,68.00
36.73,936.00,32.00,72.00
36.79,920.00,36.00,68.00
36.81,928.00,48.00,84.00
36.83,936.00,44.00,44.00
36.86,972.00,56.00,80.00
36.91,1032.00,8.00,64.00
36.93,1052.00,12.00,52.00
36.96,1076.00,0.00,60.00
36.98,1100.00,-12.00,60.00
37.01,1100.00,-20.00,56.00
37.06,1096.00,-40.00,44.00
37.08,1076.00,-72.00,48.00
37.11,1032.00,-76.00,52.00
37.13,1020.00,-76.00,52.00
37.15,996.00,-84.00,44.00
37.18,980.00,-88.00,36.00
37.20,940.00,-112.00,56.00
37.23,936.00,-88.00,24.00
37.25,928.00,-108.00,64.00
37.28,932.00,-108.00,56.00
37.30,956.00,-84.00,88.00
37.33,980.00,-92.00,36.00
37.35,1016.00,-60.00,44.00
37.40,1032.00,-76.00,60.00
37.42,1068.00,-36.00,56.00
37.45,1092.00,-56.00,56.00
37.47,1100.00,-20.00,40.00
37.50,1092.00,-4.00,52.00
37.52,1088.00,4.00,60.00
37.55,1068.00,12.00,68.00
37.57,1036.00,20.00,64.00
37.60,1028.00,32.00,52.00
37.65,960.00,40.00,64.00
37.67,952.00,64.00,56.00
37.69,932.00,20.00,56.00
37.72,912.00,72.00,84.00
37.74,928.00,36.00,56.00
37.77,936.00,16.00,80.00
37.79,944.00,64.00,80.00
37.82,972.00,4.00,52.00
37.84,992.00,52.00,80.00
37.86,1012.00,28.00,48.00
37.89,1052.00,20.00,60.00
37.92,1068.00,4.00,56.00
37.94,1084.00,-24.00,60.00
37.96,1096.00,-12.00,48.00
37.99,1100.00,-24.00,56.00
38.01,1084.00,-48.00,48.00
38.04,1064.00,-48.00,52.00
38.06,1048.00,-68.00,48.00
38.08,1028.00,-76.00,40.00
38.11,1016.00,-84.00,56.00
38.18,944.00,-104.00,44.00
38.23,940.00,-100.00,64.00
38.26,956.00,-84.00,68.00
38.28,992.00,-80.00,32.00
38.31,988.00,-96.00,52.00
38.33,1004.00,-72.00,52.00
38.38,1064.00,-48.00,52.00
38.41,1088.00,-32.00,44.00
38.43,1084.00,-44.00,68.00
38.45,1092.00,-4.00,52.00
38.48,1076.00,-4.00,60.00
38.50,1068.00,-8.00,64.00
38.53,1060.00,12.00,56.00
38.55,1036.00,20.00,68.00
38.58,1016.00,4.00,80.00
38.60,948.00,48.00,64.00
38.63,952.00,44.00,44.00
38.65,932.00,64.00,56.00
38.68,936.00,60.00,72.00
38.72,936.00,44.00,56.00
38.75,948.00,28.00,80.00
38.77,960.00,44.00,60.00
38.80,976.00,28.00,60.00
38.84,1044.00,4.00,56.00
38.87,1056.00,-4.00,80.00
38.89,1076.00,-4.00,44.00
38.92,1084.00,-4.00,48.00
38.94,1084.00,-28.00,40.00
38.97,1080.00,-44.00,52.00
38.99,1072.00,-60.00,52.00
39.01,1056.00,-64.00,68.00
39.04,1032.00,-72.00,36.00
39.06,1028.00,-84.00,48.00
39.09,988.00,-84.00,44.00
39.11,960.00,-96.00,48.00
39.13,944.00,-104.00,60.00
39.16,948.00,-100.00,44.00
39.18,944.00,-96.00,52.00
39.21,944.00,-96.00,72.00
39.24,956.00,-100.00,88.00
39.26,976.00,-76.00,28.00
39.28,1004.00,-84.00,88.00
39.31,1036.00,-64.00,76.00
39.33,1064.00,-52.00,24.00
39.36,1060.00,-56.00,56.00
39.38,1084.00,-44.00,48.00
39.41,1084.00,-20.00,72.00
39.43,1100.00,-12.00,52.00
39.45,1072.00,4.00,68.00
39.48,1060.00,8.00,60.00
39.50,1048.00,16.00,60.00
39.52,1016.00,24.00,80.00
39.55,996.00,48.00,20.00
39.57,956.00,28.00,108.00
39.60,952.00,32.00,20.00
39.62,928.00,40.00,44.00
39.64,916.00,32.00,52.00
39.67,936.00,56.00,52.00
39.70,944.00,20.00,76.00
39.74,976.00,28.00,72.00
39.77,1008.00,36.00,56.00
39.80,1028.00,4.00,64.00
39.84,1060.00,4.00,48.00
39.87,1080.00,-20.00,52.00
39.89,1080.00,-12.00,52.00
39.92,1076.00,-40.00,48.00
39.94,1076.00,-44.00,48.00
39.97,1060.00,-48.00,40.00
39.99,1040.00,-60.00,40.00
40.01,1012.00,-68.00,48.00
40.04,996.00,-72.00,56.00
40.06,968.00,-88.00,52.00
40.09,952.00,-96.00,36.00
40.11,948.00,-96.00,64.00
40.14,944.00,-84.00,48.00
40.16,952.00,-92.00,64.00
40.19,952.00,-84.00,72.00
40.21,972.00,-96.00,52.00
40.24,1008.00,-68.00,52.00
40.26,1020.00,-68.00,68.00
40.28,1032.00,-72.00,68.00
40.31,1048.00,-44.00,68.00
40.33,1064.00,-36.00,56.00
40.36,1088.00,-16.00,36.00
40.38,1076.00,-8.00,44.00
40.41,1064.00,-12.00,52.00
40.43,1056.00,0.00,64.00
40.45,1044.00,16.00,72.00
40.48,1012.00,32.00,60.00
40.50,996.00,32.00,60.00
40.53,980.00,28.00,32.00
40.55,956.00,36.00,68.00
40.57,944.00,44.00,44.00
40.60,956.00,56.00,92.00
40.62,928.00,32.00,80.00
40.65,940.00,48.00,60.00
40.67,948.00,32.00,88.00
40.69,964.00,44.00,64.00
40.72,984.00,12.00,64.00
40.74,1020.00,32.00,72.00
40.77,1028.00,4.00,52.00
40.79,1040.00,-4.00,76.00
40.81,1064.00,0.00,96.00
40.84,1072.00,-20.00,52.00
40.87,1072.00,-28.00,40.00
40.89,1064.00,-36.00,52.00
40.92,1060.00,-52.00,40.00
40.94,1056.00,-64.00,56.00
40.96,1020.00,-68.00,44.00
40.99,996.00,-84.00,44.00
41.01,988.00,-92.00,52.00
41.04,968.00,-88.00,36.00
41.09,940.00,-92.00,48.00
41.11,940.00,-92.00,56.00
41.14,956.00,-96.00,56.00
41.16,956.00,-88.00,48.00
41.18,968.00,-88.00,36.00
41.21,1004.00,-68.00,60.00
41.23,1016.00,-60.00,80.00
41.25,1044.00,-48.00,28.00
41.28,1048.00,-44.00,28.00
41.30,1068.00,-44.00,52.00
41.33,1076.00,-28.00,56.00
41.37,1068.00,0.00,56.00
41.40,1036.00,4.00,64.00
41.42,1032.00,16.00,60.00
41.48,988.00,0.00,56.00
41.50,976.00,24.00,52.00
41.52,964.00,24.00,92.00
41.55,928.00,24.00,44.00
41.57,932.00,48.00,60.00
41.60,932.00,16.00,80.00
41.64,952.00,28.00,76.00
41.69,1004.00,16.00,56.00
41.72,1020.00,12.00,68.00
41.74,1040.00,12.00,48.00
41.76,1052.00,0.00,44.00
41.79,1064.00,-12.00,44.00
41.81,1064.00,-24.00,52.00
41.84,1072.00,-40.00,40.00
41.88,1048.00,-48.00,60.00
41.91,1040.00,-68.00,28.00
41.94,1008.00,-68.00,48.00
41.96,996.00,-76.00,72.00
41.99,984.00,-88.00,44.00
42.01,964.00,-92.00,52.00
42.04,952.00,-88.00,48.00
42.06,944.00,-92.00,52.00
42.09,952.00,-84.00,52.00
42.14,988.00,-76.00,40.00
42.16,1008.00,-64.00,40.00
42.18,1016.00,-68.00,76.00
42.21,1028.00,-48.00,60.00
42.23,1056.00,-40.00,60.00
42.26,1068.00,-28.00,40.00
42.28,1064.00,-16.00,44.00
42.31,1068.00,-16.00,56.00
42.33,1068.00,-16.00,52.00
42.36,1060.00,8.00,60.00
42.38,1028.00,8.00,52.00
42.40,1016.00,24.00,60.00
42.43,988.00,28.00,68.00
42.45,976.00,40.00,56.00
42.48,968.00,20.00,72.00
42.50,940.00,44.00,60.00
42.52,940.00,48.00,56.00
42.55,940.00,32.00,72.00
42.58,936.00,40.00,72.00
42.60,952.00,16.00,108.00
42.63,968.00,24.00,80.00
42.65,1004.00,28.00,56.00
42.67,1004.00,16.00,68.00
42.70,1024.00,8.00,68.00
42.72,1056.00,-8.00,44.00
42.75,1052.00,-12.00,64.00
42.82,1056.00,-40.00,48.00
42.85,1040.00,-52.00,36.00
42.87,1032.00,-60.00,56.00
42.89,1008.00,-60.00,64.00
42.92,1008.00,-76.00,32.00
42.94,988.00,-92.00,48.00
42.97,964.00,-88.00,44.00
42.99,960.00,-88.00,40.00
43.01,956.00,-92.00,52.00
43.04,948.00,-92.00,72.00
43.06,968.00,-84.00,68.00
43.09,980.00,-84.00,44.00
43.12,984.00,-72.00,80.00
43.14,1000.00,-60.00,52.00
43.17,1036.00,-64.00,60.00
43.19,1052.00,-48.00,32.00
43.21,1060.00,-24.00,52.00
43.24,1056.00,-32.00,64.00
43.26,1068.00,-28.00,32.00
43.29,1048.00,-4.00,68.00
43.31,1056.00,-8.00,48.00
43.34,1036.00,16.00,56.00
43.36,1016.00,12.00,56.00
43.41,972.00,16.00,68.00
43.46,952.00,28.00,52.00
43.48,936.00,28.00,64.00
43.51,944.00,24.00,68.00
43.53,936.00,32.00,96.00
43.56,956.00,20.00,76.00
43.58,984.00,40.00,52.00
43.60,972.00,12.00,84.00
43.63,1000.00,16.00,52.00
43.65,1036.00,12.00,60.00
43.68,1048.00,-4.00,40.00
43.70,1044.00,-4.00,48.00
43.73,1060.00,-16.00,48.00
43.75,1052.00,-24.00,60.00
43.78,1064.00,-44.00,40.00
43.80,1052.00,-48.00,44.00
43.83,1032.00,-52.00,64.00
43.85,1024.00,-68.00,44.00
43.88,988.00,-84.00,52.00
43.90,984.00,-80.00,28.00
43.93,964.00,-76.00,44.00
43.95,952.00,-84.00,36.00
43.98,956.00,-88.00,40.00
44.02,960.00,-88.00,80.00
44.07,984.00,-68.00,80.00
44.10,1008.00,-60.00,72.00
44.15,1036.00,-44.00,20.00
44.17,1036.00,-44.00,44.00
44.20,1068.00,-20.00,36.00
44.25,1052.00,-12.00,48.00
44.27,1060.00,0.00,68.00
44.30,1036.00,12.00,60.00
44.32,1016.00,16.00,48.00
44.34,996.00,24.00,64.00
44.37,976.00,28.00,48.00
44.39,968.00,16.00,56.00
44.42,952.00,32.00,56.00
44.44,944.00,24.00,60.00
44.47,928.00,36.00,64.00
44.49,940.00,24.00,76.00
44.51,956.00,32.00,96.00
44.54,956.00,16.00,68.00
44.56,992.00,28.00,44.00
44.58,1004.00,0.00,72.00
44.61,1016.00,8.00,72.00
44.66,1044.00,-4.00,60.00
44.68,1052.00,-16.00,52.00
44.71,1060.00,-28.00,48.00
44.73,1052.00,-24.00,52.00
44.76,1048.00,-32.00,44.00
44.79,1024.00,-60.00,52.00
44.81,1012.00,-64.00,44.00
44.83,1004.00,-72.00,36.00
44.86,980.00,-64.00,36.00
44.88,956.00,-88.00,44.00
44.91,956.00,-88.00,56.00
44.93,964.00,-80.00,44.00
44.95,952.00,-84.00,56.00
44.98,952.00,-80.00,60.00
45.00,960.00,-76.00,52.00
45.03,992.00,-80.00,56.00
45.05,1000.00,-72.00,60.00
45.07,1008.00,-60.00,72.00
45.10,1024.00,-56.00,52.00
45.13,1044.00,-36.00,28.00
45.15,1044.00,-20.00,52.00
45.17,1052.00,-20.00,56.00
45.20,1060.00,-16.00,44.00
45.22,1048.00,0.00,68.00
45.25,1028.00,0.00,36.00
45.27,1020.00,16.00,52.00
45.29,1004.00,20.00,64.00
45.32,988.00,16.00,56.00
45.37,952.00,28.00,48.00
45.39,948.00,28.00,48.00
45.42,944.00,40.00,56.00
45.42,944.00,40.00,56.00
45.44,944.00,28.00,80.00
45.47,940.00,12.00,72.00
45.49,976.00,28.00,52.00
45.51,972.00,16.00,84.00
45.54,988.00,4.00,80.00
45.56,1016.00,16.00,52.00
45.59,1024.00,4.00,52.00
45.61,1048.00,-16.00,52.00
45.64,1052.00,-12.00,52.00
45.66,1040.00,-20.00,52.00
45.68,1052.00,-28.00,60.00
45.71,1048.00,-40.00,44.00
45.73,1032.00,-48.00,56.00
45.76,1024.00,-60.00,40.00
45.78,1004.00,-60.00,44.00
45.80,996.00,-72.00,48.00
45.83,984.00,-76.00,52.00
45.85,956.00,-84.00,52.00
45.88,960.00,-76.00,60.00
45.91,968.00,-76.00,52.00
45.93,964.00,-80.00,84.00
45.96,968.00,-84.00,52.00
45.98,988.00,-72.00,28.00
46.03,1008.00,-64.00,64.00
46.05,1016.00,-52.00,36.00
46.08,1040.00,-44.00,60.00
46.10,1040.00,-32.00,56.00
46.13,1052.00,-36.00,52.00
46.15,1052.00,-16.00,64.00
46.17,1040.00,-8.00,60.00
46.20,1032.00,4.00,44.00
46.22,1020.00,12.00,68.00
46.25,1008.00,12.00,56.00
46.27,992.00,16.00,48.00
46.29,988.00,28.00,76.00
46.32,952.00,12.00,72.00
46.34,956.00,36.00,40.00
46.37,952.00,32.00,72.00
46.42,944.00,24.00,88.00
46.44,964.00,8.00,84.00
46.47,968.00,32.00,52.00
46.52,1020.00,16.00,68.00
46.54,1024.00,0.00,48.00
46.57,1040.00,-8.00,44.00
46.59,1036.00,0.00,64.00
46.62,1048.00,-16.00,44.00
46.64,1044.00,-32.00,44.00
46.66,1040.00,-40.00,40.00
46.69,1032.00,-56.00,60.00
46.71,1028.00,-48.00,52.00
46.74,1012.00,-56.00,44.00
46.76,996.00,-72.00,48.00
46.79,972.00,-76.00,60.00
46.79,972.00,-76.00,60.00
46.81,972.00,-76.00,44.00
46.83,964.00,-88.00,40.00
46.88,960.00,-80.00,60.00
46.91,964.00,-76.00,72.00
46.93,968.00,-72.00,76.00
46.96,988.00,-76.00,60.00
46.98,996.00,-64.00,52.00
47.04,1028.00,-44.00,48.00
47.06,1032.00,-32.00,44.00
47.09,1040.00,-24.00,52.00
47.11,1040.00,-12.00,52.00
47.13,1036.00,-12.00,52.00
47.16,1032.00,-4.00,52.00
47.18,1024.00,4.00,64.00
47.21,1000.00,12.00,60.00
47.23,992.00,28.00,44.00
47.25,980.00,12.00,60.00
47.28,972.00,28.00,68.00
47.30,956.00,48.00,56.00
47.33,948.00,28.00,60.00
47.35,948.00,32.00,60.00
47.37,952.00,12.00,80.00
47.40,964.00,40.00,72.00
47.42,968.00,12.00,76.00
47.45,992.00,20.00,52.00
47.47,1016.00,4.00,56.00
47.50,1016.00,4.00,68.00
47.52,1028.00,8.00,52.00
47.55,1032.00,-12.00,44.00
47.57,1040.00,-12.00,56.00
47.60,1044.00,-40.00,52.00
47.62,1040.00,-44.00,40.00
47.65,1028.00,-40.00,52.00
47.67,1012.00,-64.00,40.00
47.70,1000.00,-60.00,40.00
47.72,1004.00,-84.00,36.00
47.74,984.00,-80.00,64.00
47.77,964.00,-76.00,24.00
47.82,956.00,-84.00,64.00
47.84,956.00,-80.00,52.00
47.86,960.00,-76.00,56.00
47.89,964.00,-72.00,72.00
47.91,988.00,-76.00,64.00
47.96,1012.00,-52.00,52.00
47.99,1020.00,-48.00,48.00
48.01,1032.00,-36.00,48.00
48.04,1036.00,-24.00,44.00
48.06,1044.00,-24.00,48.00
48.09,1044.00,-16.00,52.00
48.11,1032.00,-4.00,44.00
48.14,1020.00,8.00,56.00
48.16,1000.00,8.00,52.00
48.18,996.00,-4.00,52.00
48.21,988.00,28.00,24.00
48.23,968.00,8.00,64.00
48.26,968.00,36.00,68.00
48.31,948.00,8.00,72.00
48.35,964.00,4.00,92.00
48.38,976.00,12.00,68.00
48.41,996.00,8.00,52.00
48.43,996.00,16.00,84.00
48.45,1008.00,-8.00,52.00
48.48,1028.00,12.00,60.00
48.50,1024.00,-16.00,44.00
48.58,1032.00,-28.00,40.00
48.60,1028.00,-36.00,52.00
48.63,1020.00,-48.00,52.00
48.65,1012.00,-68.00,48.00
48.67,992.00,-56.00,48.00
48.70,984.00,-72.00,52.00
48.73,972.00,-72.00,56.00
48.75,960.00,-72.00,28.00
48.80,964.00,-72.00,56.00
48.82,968.00,-76.00,52.00
48.85,972.00,-80.00,56.00
48.92,1008.00,-56.00,52.00
48.95,1020.00,-56.00,48.00
48.97,1032.00,-32.00,56.00
48.99,1032.00,-24.00,52.00
49.04,1040.00,-8.00,40.00
49.07,1024.00,-8.00,52.00
49.09,1020.00,-4.00,56.00
49.12,1008.00,12.00,60.00
49.14,984.00,16.00,52.00
49.17,992.00,16.00,48.00
49.19,956.00,20.00,72.00
49.21,956.00,20.00,68.00
49.24,952.00,24.00,52.00
49.29,952.00,16.00,68.00
49.31,964.00,16.00,56.00
49.34,976.00,12.00,40.00
49.36,976.00,12.00,76.00
49.39,996.00,4.00,56.00
49.41,1004.00,12.00,56.00
49.44,1012.00,-8.00,76.00
49.46,1028.00,-16.00,52.00
49.48,1028.00,-12.00,52.00
49.51,1032.00,-32.00,56.00
49.53,1028.00,-32.00,48.00
49.56,1024.00,-40.00,52.00
49.58,1028.00,-60.00,48.00
49.61,1012.00,-60.00,44.00
49.63,992.00,-80.00,36.00
49.66,984.00,-76.00,56.00
49.68,972.00,-68.00,56.00
49.70,972.00,-76.00,48.00
49.73,956.00,-84.00,44.00
49.75,964.00,-76.00,52.00
49.78,964.00,-72.00,88.00
49.80,968.00,-72.00,40.00
49.83,992.00,-60.00,44.00
49.86,1000.00,-52.00,60.00
49.88,1012.00,-56.00,48.00
49.91,1020.00,-36.00,44.00
49.95,1056.00,-16.00,72.00
50.00,1020.00,-16.00,76.00
50.03,1028.00,-4.00,24.00
50.05,1016.00,12.00,84.00
50.07,1004.00,-8.00,36.00
50.10,1000.00,20.00,32.00
50.12,964.00,20.00,76.00
50.15,964.00,0.00,56.00
50.17,980.00,32.00,76.00
50.20,940.00,8.00,88.00
50.15,940.00,8.00,52.00
50.17,936.00,36.00,64.00
50.19,960.00,12.00,80.00
50.22,960.00,20.00,84.00
50.24,976.00,8.00,56.00
50.27,984.00,8.00,60.00
50.29,996.00,4.00,44.00
50.32,1012.00,-8.00,64.00
50.34,1028.00,-12.00,48.00
50.37,1024.00,-20.00,48.00
50.39,1028.00,-20.00,36.00
50.42,1028.00,-36.00,48.00
50.44,1028.00,-36.00,48.00
50.46,1020.00,-48.00,48.00
50.49,1012.00,-52.00,40.00
50.53,988.00,-76.00,60.00
50.56,988.00,-72.00,32.00
50.61,960.00,-76.00,52.00
50.63,964.00,-80.00,56.00
50.66,972.00,-72.00,76.00
50.68,972.00,-72.00,60.00
50.71,976.00,-72.00,68.00
50.75,1000.00,-52.00,52.00
50.78,1008.00,-36.00,44.00
50.80,1024.00,-40.00,76.00
50.83,1020.00,-40.00,32.00
50.85,1024.00,-28.00,40.00
50.88,1024.00,-20.00,52.00
50.90,1024.00,-12.00,48.00
50.93,1020.00,-4.00,60.00
50.95,1012.00,4.00,56.00
50.97,1008.00,4.00,52.00
51.00,992.00,8.00,48.00
51.02,976.00,4.00,56.00
51.05,976.00,44.00,60.00
51.07,956.00,16.00,72.00
51.09,952.00,20.00,84.00
51.12,956.00,16.00,76.00
51.14,960.00,20.00,68.00
51.17,960.00,8.00,72.00
51.19,968.00,12.00,72.00
51.22,984.00,12.00,64.00
51.26,1012.00,8.00,56.00
51.29,1020.00,-8.00,48.00
51.31,1028.00,-8.00,48.00
51.34,1024.00,-16.00,56.00
51.36,1028.00,-24.00,48.00
51.39,1020.00,-36.00,44.00
51.41,1020.00,-44.00,44.00
51.44,1016.00,-52.00,44.00
51.46,1008.00,-56.00,60.00
51.49,988.00,-56.00,44.00
51.51,984.00,-60.00,48.00
51.54,972.00,-64.00,36.00
51.56,972.00,-76.00,56.00
51.59,964.00,-72.00,64.00
51.61,964.00,-76.00,64.00
51.63,964.00,-68.00,64.00
51.66,976.00,-68.00,48.00
51.68,976.00,-60.00,52.00
51.71,992.00,-56.00,44.00
51.73,1004.00,-52.00,52.00
51.78,1016.00,-40.00,52.00
51.80,1028.00,-32.00,48.00
51.83,1028.00,-20.00,52.00
51.85,1020.00,-16.00,52.00
51.88,1024.00,-8.00,48.00
51.90,1012.00,-4.00,56.00
51.92,1008.00,4.00,52.00
51.95,988.00,20.00,44.00
51.97,976.00,0.00,60.00
52.00,976.00,36.00,44.00
52.03,964.00,28.00,76.00
52.05,944.00,20.00,64.00
52.08,960.00,28.00,44.00
52.10,956.00,12.00,84.00
52.12,960.00,16.00,92.00
52.15,972.00,8.00,68.00
52.17,968.00,4.00,64.00
52.20,992.00,0.00,64.00
52.22,1012.00,0.00,40.00
52.24,1008.00,-4.00,56.00
52.27,1020.00,-8.00,48.00
52.29,1028.00,-24.00,60.00
52.32,1020.00,-28.00,52.00
52.37,1024.00,-40.00,44.00
52.39,1016.00,-40.00,48.00
52.44,984.00,-68.00,36.00
52.46,984.00,-68.00,72.00
52.49,980.00,-76.00,68.00
52.52,960.00,-80.00,36.00
52.54,968.00,-72.00,32.00
52.57,968.00,-64.00,84.00
52.59,968.00,-64.00,64.00
52.62,980.00,-56.00,84.00
52.64,984.00,-60.00,84.00
52.67,1000.00,-60.00,68.00
52.69,1012.00,-40.00,36.00
52.71,1004.00,-44.00,40.00
52.74,1024.00,-32.00,48.00
52.76,1020.00,-20.00,56.00
52.79,1028.00,-24.00,68.00
52.81,1024.00,-16.00,32.00
52.83,1016.00,0.00,52.00
52.86,1016.00,-8.00,48.00
52.88,1000.00,0.00,36.00
52.91,988.00,-8.00,52.00
52.93,988.00,20.00,48.00
52.95,980.00,20.00,52.00
52.98,964.00,24.00,56.00
53.01,964.00,24.00,48.00
53.03,960.00,12.00,64.00
53.05,956.00,20.00,72.00
53.08,960.00,8.00,80.00
53.10,972.00,8.00,76.00
53.15,988.00,0.00,64.00
53.18,996.00,-4.00,60.00
53.21,1016.00,-12.00,40.00
53.25,1020.00,-20.00,48.00
53.30,1016.00,-32.00,48.00
53.32,1016.00,-40.00,44.00
53.35,1000.00,-48.00,44.00
53.37,1000.00,-56.00,44.00
53.40,1004.00,-60.00,40.00
53.42,992.00,-60.00,72.00
53.45,980.00,-76.00,28.00
53.47,968.00,-80.00,40.00
53.50,968.00,-72.00,52.00
53.52,976.00,-80.00,40.00
53.54,980.00,-52.00,92.00
53.57,976.00,-76.00,52.00
53.59,992.00,-64.00,44.00
53.64,988.00,-60.00,80.00
53.66,1004.00,-32.00,24.00
53.69,1012.00,-40.00,64.00
53.72,1016.00,-36.00,52.00
53.67,1020.00,-12.00,36.00
53.69,1016.00,-12.00,60.00
53.72,1024.00,-24.00,56.00
53.76,1008.00,-4.00,48.00
53.79,992.00,12.00,56.00
53.81,980.00,12.00,56.00
53.84,984.00,12.00,60.00
53.89,964.00,40.00,36.00
53.91,956.00,12.00,68.00
53.93,952.00,0.00,76.00
53.96,956.00,16.00,72.00
54.01,964.00,16.00,64.00
54.03,992.00,8.00,72.00
54.05,992.00,-12.00,76.00
54.08,1008.00,0.00,64.00
54.10,1008.00,-4.00,60.00
54.13,1012.00,-8.00,44.00
54.15,1020.00,-20.00,52.00
54.18,1024.00,-32.00,52.00
54.20,1016.00,-36.00,40.00
54.22,1012.00,-36.00,44.00
54.25,1016.00,-52.00,52.00
54.27,1004.00,-52.00,40.00
54.30,996.00,-52.00,44.00
54.32,968.00,-60.00,84.00
54.34,980.00,-72.00,48.00
54.37,968.00,-64.00,40.00
54.39,972.00,-76.00,44.00
54.44,972.00,-68.00,80.00
54.47,972.00,-76.00,60.00
54.49,976.00,-48.00,64.00
54.51,1004.00,-56.00,60.00
54.56,1008.00,-48.00,48.00
54.59,1008.00,-44.00,56.00
54.61,1012.00,-28.00,52.00
54.64,1020.00,-16.00,52.00
54.66,1020.00,-8.00,56.00
54.68,1016.00,-12.00,60.00
54.71,1012.00,4.00,56.00
54.73,1000.00,0.00,60.00
54.76,992.00,20.00,40.00
54.78,984.00,8.00,52.00
54.81,976.00,12.00,64.00
54.83,972.00,12.00,64.00
54.91,968.00,20.00,60.00
54.93,956.00,8.00,64.00
54.95,972.00,8.00,56.00
54.98,992.00,4.00,52.00
55.00,992.00,8.00,68.00
55.02,1004.00,-12.00,52.00
55.05,1008.00,-12.00,64.00
55.07,1008.00,-16.00,44.00
55.10,1020.00,-20.00,52.00
55.12,1020.00,-24.00,68.00
55.14,1020.00,-32.00,52.00
55.17,1020.00,-36.00,48.00
55.19,1008.00,-36.00,52.00
55.22,1004.00,-48.00,68.00
55.24,1000.00,-56.00,32.00
55.27,984.00,-60.00,64.00
55.29,968.00,-68.00,68.00
55.32,976.00,-56.00,44.00
55.34,972.00,-72.00,76.00
55.37,972.00,-64.00,64.00
55.39,976.00,-56.00,36.00
55.42,968.00,-68.00,56.00
55.44,980.00,-48.00,36.00
55.47,1000.00,-48.00,48.00
55.49,996.00,-56.00,56.00
55.54,1016.00,-32.00,44.00
55.56,1012.00,-32.00,64.00
55.59,1008.00,-24.00,56.00
55.61,1024.00,-20.00,60.00
55.63,1020.00,-16.00,72.00
55.66,1016.00,-8.00,68.00
55.68,1000.00,-4.00,48.00
55.71,984.00,4.00,68.00
55.73,988.00,-4.00,64.00
55.76,984.00,8.00,60.00
55.78,952.00,16.00,88.00
55.81,968.00,12.00,40.00
55.83,972.00,20.00,44.00
55.86,956.00,12.00,56.00
55.88,956.00,4.00,80.00
