1.00,1048.00,136.00,120.00
1.03,1364.00,196.00,36.00
1.05,1688.00,108.00,-100.00
1.08,1996.00,236.00,28.00
1.10,2040.00,116.00,-44.00
1.12,2040.00,140.00,-8.00
1.15,2040.00,80.00,-8.00
1.17,2040.00,8.00,-24.00
1.20,2040.00,4.00,-52.00
1.22,2040.00,-32.00,-40.00
1.25,2040.00,-48.00,-52.00
1.27,2040.00,-48.00,-20.00
1.29,2040.00,-176.00,-48.00
1.32,1796.00,-180.00,-40.00
1.34,1496.00,-196.00,-20.00
1.37,1168.00,-200.00,-12.00
1.39,944.00,-164.00,32.00
1.42,644.00,-196.00,16.00
1.44,340.00,-228.00,-24.00
1.47,252.00,-324.00,84.00
1.49,144.00,-292.00,36.00
1.51,104.00,-236.00,56.00
1.54,180.00,-216.00,52.00
1.57,232.00,-240.00,84.00
1.59,372.00,-268.00,56.00
1.62,592.00,-208.00,4.00
1.64,804.00,-160.00,48.00
1.67,1300.00,-152.00,36.00
1.69,1592.00,-164.00,-4.00
1.74,2040.00,-60.00,-4.00
1.76,2040.00,12.00,-60.00
1.79,2040.00,-8.00,8.00
1.83,2040.00,84.00,-4.00
1.83,2040.00,84.00,-4.00
1.86,2040.00,112.00,-12.00
1.88,2040.00,120.00,-16.00
1.91,2040.00,196.00,-20.00
1.93,2040.00,172.00,20.00
1.96,2040.00,148.00,8.00
1.98,1764.00,176.00,40.00
2.01,1168.00,192.00,40.00
2.03,948.00,140.00,-20.00
2.06,680.00,228.00,52.00
2.08,496.00,160.00,4.00
2.11,368.00,112.00,-12.00
2.13,104.00,164.00,92.00
2.16,76.00,212.00,124.00
2.18,124.00,144.00,152.00
2.20,172.00,160.00,88.00
2.23,428.00,192.00,144.00
2.25,496.00,264.00,-16.00
2.28,804.00,136.00,116.00
2.32,1292.00,160.00,28.00
2.35,1852.00,88.00,-4.00
2.37,2040.00,136.00,88.00
2.40,2040.00,80.00,32.00
2.45,2040.00,56.00,-12.00
2.47,2040.00,72.00,-156.00
2.50,2040.00,4.00,20.00
2.52,2040.00,16.00,-60.00
2.55,2040.00,-76.00,-60.00
2.57,2040.00,-48.00,16.00
2.60,1972.00,-196.00,0.00
2.62,1692.00,-116.00,-20.00
2.64,1436.00,-188.00,-40.00
2.67,1192.00,-220.00,-32.00
2.69,696.00,-204.00,0.00
2.72,544.00,-200.00,-40.00
2.74,384.00,-252.00,32.00
2.77,304.00,-288.00,28.00
2.79,248.00,-228.00,-24.00
2.82,216.00,-280.00,-16.00
2.84,312.00,-236.00,-56.00
2.86,416.00,-252.00,92.00
2.89,516.00,-216.00,-40.00
2.92,860.00,-172.00,8.00
2.94,1124.00,-272.00,-156.00
2.96,1412.00,-104.00,60.00
3.01,1912.00,-112.00,-8.00
3.04,2040.00,-24.00,-60.00
3.06,2040.00,16.00,28.00
3.08,2040.00,16.00,-32.00
3.11,2040.00,68.00,24.00
3.13,2040.00,28.00,0.00
3.15,2040.00,120.00,-20.00
3.18,2040.00,112.00,-8.00
3.20,2040.00,144.00,16.00
3.23,2040.00,172.00,-32.00
3.25,1804.00,172.00,48.00
3.28,1268.00,212.00,-4.00
3.30,1012.00,216.00,48.00
3.33,816.00,116.00,16.00
3.35,624.00,204.00,-12.00
3.37,428.00,196.00,56.00
3.40,324.00,192.00,36.00
3.42,212.00,132.00,48.00
3.45,212.00,176.00,32.00
3.49,292.00,208.00,4.00
3.52,600.00,136.00,96.00
3.55,792.00,164.00,36.00
3.57,1012.00,140.00,48.00
3.59,1256.00,148.00,72.00
3.62,1524.00,120.00,20.00
3.64,1996.00,212.00,-24.00
3.67,2040.00,124.00,64.00
3.69,2040.00,76.00,-4.00
3.72,2040.00,92.00,-16.00
3.77,2040.00,24.00,0.00
3.81,2040.00,-40.00,-56.00
3.84,2040.00,-68.00,-12.00
3.87,1860.00,-144.00,-40.00
3.89,1592.00,-168.00,-12.00
3.91,1352.00,-136.00,-44.00
3.94,1120.00,-184.00,-24.00
3.96,908.00,-228.00,8.00
3.99,544.00,-200.00,4.00
4.01,432.00,-260.00,-24.00
4.04,336.00,-204.00,4.00
4.09,264.00,-228.00,20.00
4.11,376.00,-240.00,20.00
4.13,488.00,-208.00,28.00
4.16,624.00,-212.00,24.00
4.21,1248.00,-176.00,0.00
4.23,1432.00,-152.00,40.00
4.28,1932.00,-68.00,20.00
4.30,2040.00,-36.00,32.00
4.33,2040.00,8.00,-32.00
4.36,2040.00,64.00,32.00
4.38,2040.00,80.00,72.00
4.43,2040.00,100.00,64.00
4.46,2040.00,156.00,-48.00
4.48,2036.00,112.00,-4.00
4.50,1828.00,60.00,36.00
4.53,1572.00,160.00,32.00
4.55,1124.00,124.00,-28.00
4.58,884.00,248.00,60.00
4.60,716.00,92.00,36.00
4.65,428.00,200.00,100.00
4.70,272.00,148.00,52.00
4.72,312.00,144.00,28.00
4.77,484.00,168.00,16.00
4.80,772.00,132.00,48.00
4.82,984.00,168.00,16.00
4.84,1180.00,164.00,16.00
4.90,1916.00,196.00,-76.00
4.92,2040.00,68.00,100.00
4.94,2040.00,32.00,40.00
4.99,2040.00,-8.00,-16.00
5.02,2040.00,56.00,-56.00
5.07,2040.00,-64.00,-32.00
5.09,2040.00,-76.00,-44.00
5.12,2016.00,-196.00,-40.00
5.14,1540.00,-88.00,-12.00
5.16,1328.00,-188.00,-12.00
5.19,1104.00,-200.00,-8.00
5.21,904.00,-184.00,-4.00
5.24,600.00,-256.00,-24.00
5.26,448.00,-224.00,28.00
5.29,380.00,-224.00,16.00
5.31,356.00,-252.00,-12.00
5.33,344.00,-208.00,-8.00
5.36,452.00,-208.00,16.00
5.32,556.00,-196.00,-16.00
5.34,700.00,-204.00,0.00
5.37,864.00,-192.00,-32.00
5.39,1060.00,-168.00,-12.00
5.44,1692.00,-120.00,28.00
5.47,1916.00,-68.00,-92.00
5.54,2040.00,44.00,60.00
5.56,2040.00,48.00,12.00
5.59,2040.00,140.00,-16.00
5.61,2040.00,100.00,4.00
5.64,2040.00,156.00,28.00
5.66,1900.00,88.00,-52.00
5.68,1668.00,204.00,48.00
5.71,1436.00,168.00,20.00
5.73,1224.00,152.00,24.00
5.76,1024.00,152.00,16.00
5.78,664.00,176.00,40.00
5.81,540.00,156.00,32.00
5.83,444.00,164.00,24.00
5.85,376.00,152.00,44.00
5.88,340.00,164.00,36.00
5.90,404.00,140.00,44.00
5.93,488.00,152.00,28.00
5.95,588.00,152.00,44.00
5.97,744.00,148.00,28.00
6.00,908.00,140.00,16.00
6.05,1524.00,116.00,12.00
6.08,1736.00,88.00,-8.00
6.10,1916.00,64.00,36.00
6.10,1916.00,64.00,36.00
6.12,2040.00,88.00,-40.00
6.15,2040.00,32.00,92.00
6.17,2040.00,-28.00,24.00
6.20,2040.00,20.00,80.00
6.22,2040.00,-32.00,32.00
6.25,2040.00,-84.00,-24.00
6.27,1968.00,-104.00,-48.00
6.29,1764.00,-88.00,-16.00
6.32,1560.00,-188.00,-48.00
6.34,1348.00,-200.00,-24.00
6.37,972.00,-216.00,-4.00
6.39,784.00,-188.00,-4.00
6.42,652.00,-204.00,-20.00
6.44,548.00,-224.00,24.00
6.47,424.00,-228.00,-8.00
6.49,400.00,-216.00,8.00
6.51,440.00,-220.00,-12.00
6.54,508.00,-216.00,0.00
6.59,860.00,-184.00,-8.00
6.61,1036.00,-172.00,-12.00
6.66,1420.00,-116.00,-20.00
6.69,1628.00,-84.00,-32.00
6.71,1988.00,-48.00,8.00
6.73,2040.00,-40.00,-20.00
6.76,2040.00,-12.00,0.00
6.78,2040.00,52.00,36.00
6.81,2040.00,72.00,24.00
6.83,2040.00,80.00,4.00
6.86,2040.00,84.00,0.00
6.88,1972.00,116.00,-8.00
6.91,1792.00,128.00,8.00
6.93,1400.00,160.00,20.00
6.96,1196.00,160.00,0.00
6.98,1012.00,128.00,20.00
7.00,840.00,160.00,16.00
7.05,496.00,160.00,32.00
7.10,408.00,156.00,36.00
7.13,424.00,132.00,36.00
7.18,648.00,144.00,48.00
7.20,796.00,140.00,24.00
7.22,948.00,140.00,20.00
7.25,1136.00,132.00,76.00
7.27,1280.00,124.00,-12.00
7.32,1876.00,100.00,16.00
7.35,2016.00,44.00,8.00
7.37,2040.00,96.00,12.00
7.39,2040.00,-20.00,20.00
7.42,2040.00,88.00,-4.00
7.44,2040.00,-64.00,8.00
7.47,2040.00,-44.00,-24.00
7.52,1832.00,-192.00,-16.00
7.54,1444.00,-84.00,-40.00
7.56,1268.00,-184.00,8.00
7.59,1080.00,-184.00,0.00
7.61,916.00,-152.00,-36.00
7.64,772.00,-204.00,-4.00
7.68,500.00,-228.00,-16.00
7.71,464.00,-196.00,-8.00
7.73,456.00,-220.00,0.00
7.79,668.00,-204.00,8.00
7.81,788.00,-180.00,-8.00
7.83,944.00,-176.00,-8.00
7.86,1120.00,-140.00,16.00
7.88,1484.00,-92.00,-48.00
7.91,1644.00,-88.00,16.00
7.93,1812.00,-76.00,-12.00
7.95,1964.00,-16.00,16.00
7.98,2040.00,-40.00,64.00
8.00,2040.00,-4.00,48.00
8.03,2040.00,84.00,16.00
8.05,2040.00,108.00,-44.00
8.08,2040.00,96.00,24.00
8.10,1924.00,112.00,32.00
8.13,1620.00,116.00,-12.00
8.17,1260.00,172.00,28.00
8.22,916.00,136.00,-4.00
8.28,560.00,120.00,24.00
8.32,460.00,168.00,40.00
8.35,504.00,128.00,28.00
8.37,548.00,140.00,36.00
8.40,652.00,120.00,28.00
8.42,768.00,148.00,12.00
8.45,916.00,124.00,24.00
8.47,1252.00,120.00,0.00
8.49,1424.00,116.00,36.00
8.52,1612.00,108.00,-52.00
8.54,1732.00,56.00,-36.00
8.57,1916.00,76.00,56.00
8.59,2040.00,4.00,20.00
8.62,2040.00,-32.00,52.00
8.64,2040.00,12.00,36.00
8.66,2040.00,20.00,-44.00
8.69,1924.00,-100.00,-64.00
8.71,1764.00,-84.00,8.00
8.74,1608.00,-84.00,8.00
8.79,1280.00,-204.00,-4.00
8.81,960.00,-192.00,-8.00
8.84,804.00,-164.00,-20.00
8.86,704.00,-204.00,0.00
8.89,608.00,-208.00,-4.00
8.91,512.00,-212.00,-20.00
8.94,512.00,-204.00,-4.00
8.96,536.00,-212.00,-4.00
8.99,592.00,-180.00,-16.00
9.01,688.00,-180.00,4.00
9.03,940.00,-160.00,-20.00
9.06,1088.00,-148.00,4.00
9.08,1256.00,-112.00,-8.00
9.11,1432.00,-120.00,-4.00
9.16,1872.00,-28.00,-12.00
9.18,1980.00,-60.00,0.00
9.20,2040.00,12.00,36.00
9.23,2040.00,8.00,-20.00
9.26,2040.00,116.00,-28.00
9.28,1960.00,72.00,16.00
9.30,1840.00,116.00,24.00
9.33,1744.00,96.00,-20.00
9.35,1568.00,108.00,-4.00
9.38,1228.00,156.00,4.00
9.40,1064.00,144.00,4.00
9.43,924.00,172.00,24.00
9.45,792.00,156.00,32.00
9.48,676.00,152.00,28.00
9.50,532.00,136.00,28.00
9.55,508.00,156.00,32.00
9.57,532.00,128.00,28.00
9.60,684.00,140.00,32.00
9.62,808.00,140.00,16.00
9.65,944.00,132.00,20.00
9.67,1088.00,128.00,24.00
9.69,1248.00,112.00,28.00
9.72,1584.00,64.00,4.00
9.75,1716.00,56.00,16.00
9.77,1840.00,108.00,28.00
9.79,1960.00,48.00,36.00
9.82,2008.00,16.00,8.00
9.84,2036.00,-40.00,-8.00
9.87,1980.00,40.00,-20.00
9.89,1916.00,-84.00,16.00
9.92,1804.00,-64.00,-8.00
9.94,1676.00,-84.00,-52.00
9.97,1384.00,-172.00,-8.00
9.99,1228.00,-104.00,-40.00
10.02,1072.00,-184.00,-12.00
10.04,920.00,-148.00,-28.00
10.06,704.00,-188.00,-20.00
10.09,616.00,-228.00,12.00
10.11,576.00,-180.00,-12.00
10.14,548.00,-220.00,4.00
10.16,544.00,-220.00,-16.00
10.19,644.00,-164.00,4.00
10.21,744.00,-208.00,-12.00
10.24,856.00,-144.00,-4.00
10.26,988.00,-172.00,-24.00
10.29,1284.00,-140.00,-16.00
10.31,1444.00,-84.00,8.00
10.33,1588.00,-88.00,4.00
10.36,1724.00,-44.00,4.00
10.38,1816.00,-36.00,36.00
10.41,1968.00,-40.00,36.00
10.43,2024.00,24.00,-24.00
10.46,1992.00,96.00,-48.00
10.48,1928.00,-4.00,72.00
10.50,1844.00,76.00,-8.00
10.53,1616.00,116.00,0.00
10.56,1504.00,84.00,-20.00
10.58,1312.00,160.00,0.00
10.61,1172.00,148.00,32.00
10.63,856.00,152.00,48.00
10.65,764.00,104.00,0.00
10.68,660.00,152.00,28.00
10.70,588.00,140.00,44.00
10.73,552.00,152.00,32.00
10.75,552.00,116.00,28.00
10.78,588.00,148.00,36.00
10.80,664.00,124.00,28.00
10.85,876.00,124.00,28.00
10.87,1164.00,116.00,20.00
10.90,1284.00,88.00,48.00
10.95,1580.00,20.00,12.00
10.97,1824.00,52.00,68.00
11.00,1908.00,-4.00,16.00
11.02,1928.00,20.00,68.00
11.04,1968.00,-16.00,12.00
11.07,1912.00,-40.00,-12.00
11.10,1816.00,-56.00,-48.00
11.12,1660.00,-52.00,-24.00
11.14,1532.00,-104.00,-4.00
11.17,1440.00,-100.00,-32.00
11.19,1280.00,-100.00,-28.00
11.22,992.00,-188.00,-12.00
11.24,864.00,-184.00,-12.00
11.27,760.00,-148.00,-16.00
11.29,680.00,-192.00,0.00
11.32,624.00,-168.00,-12.00
11.34,596.00,-224.00,-20.00
11.36,604.00,-164.00,12.00
11.44,940.00,-116.00,-16.00
11.46,1068.00,-164.00,0.00
11.49,1212.00,-100.00,12.00
11.51,1348.00,-116.00,4.00
11.54,1500.00,-68.00,-12.00
11.56,1752.00,-48.00,40.00
11.59,1844.00,-12.00,-24.00
11.61,1860.00,4.00,-16.00
11.64,1896.00,80.00,16.00
11.66,1856.00,40.00,-24.00
11.69,1812.00,72.00,-24.00
11.71,1684.00,120.00,8.00
11.73,1568.00,88.00,12.00
11.76,1452.00,124.00,20.00
11.78,1176.00,160.00,56.00
11.81,1052.00,108.00,-56.00
11.85,796.00,112.00,28.00
11.88,712.00,132.00,12.00
11.90,592.00,124.00,24.00
11.93,576.00,148.00,36.00
12.00,760.00,140.00,40.00
12.03,872.00,104.00,20.00
12.05,980.00,112.00,24.00
12.08,1112.00,104.00,16.00
12.10,1268.00,64.00,-12.00
12.17,1732.00,40.00,0.00
12.20,1816.00,4.00,36.00
12.22,1848.00,-12.00,20.00
12.27,1812.00,-4.00,-12.00
12.30,1716.00,-36.00,-24.00
12.32,1616.00,-16.00,-16.00
12.35,1412.00,-192.00,-24.00
12.37,1264.00,-200.00,-4.00
12.39,1132.00,-96.00,-36.00
12.42,1000.00,-156.00,-8.00
12.44,888.00,-184.00,-4.00
12.47,716.00,-180.00,-20.00
12.49,656.00,-184.00,-4.00
12.52,616.00,-192.00,0.00
12.54,616.00,-180.00,0.00
12.57,628.00,-188.00,-24.00
12.59,756.00,-152.00,0.00
12.62,848.00,-164.00,-24.00
12.64,944.00,-156.00,8.00
12.66,1064.00,-140.00,-24.00
12.69,1200.00,-96.00,-4.00
12.71,1452.00,-84.00,24.00
12.76,1664.00,-44.00,8.00
12.79,1748.00,-28.00,60.00
12.84,1820.00,80.00,-12.00
12.91,1636.00,68.00,-24.00
12.94,1396.00,100.00,36.00
12.96,1292.00,128.00,-4.00
12.98,1180.00,88.00,8.00
13.01,1016.00,136.00,-20.00
13.03,812.00,104.00,12.00
13.06,728.00,136.00,16.00
13.08,664.00,136.00,28.00
13.11,620.00,128.00,24.00
13.13,608.00,128.00,28.00
13.16,644.00,124.00,32.00
13.18,712.00,128.00,24.00
13.20,780.00,116.00,28.00
13.23,880.00,108.00,36.00
13.25,996.00,108.00,12.00
13.28,1260.00,84.00,32.00
13.31,1384.00,80.00,16.00
13.33,1504.00,52.00,44.00
13.35,1588.00,16.00,4.00
13.38,1724.00,32.00,24.00
13.40,1788.00,28.00,-12.00
13.43,1804.00,-28.00,24.00
13.45,1788.00,-40.00,4.00
13.47,1736.00,-36.00,-32.00
13.52,1472.00,-128.00,-28.00
13.55,1368.00,-72.00,-64.00
13.57,1228.00,-196.00,-28.00
13.60,996.00,-228.00,-12.00
13.62,880.00,-164.00,-16.00
13.65,784.00,-160.00,-8.00
13.67,732.00,-188.00,-16.00
13.69,676.00,-192.00,4.00
13.74,680.00,-172.00,4.00
13.77,728.00,-176.00,-20.00
13.79,784.00,-148.00,8.00
13.82,876.00,-160.00,12.00
13.84,1084.00,-132.00,-24.00
13.89,1320.00,-112.00,-8.00
13.92,1452.00,-68.00,24.00
13.94,1540.00,-48.00,8.00
13.97,1692.00,24.00,64.00
13.99,1744.00,-48.00,44.00
14.01,1772.00,32.00,-24.00
14.04,1748.00,104.00,-192.00
14.09,1548.00,52.00,28.00
14.14,1360.00,84.00,-28.00
14.16,1248.00,156.00,96.00
14.19,1008.00,32.00,64.00
14.21,888.00,144.00,24.00
14.23,792.00,124.00,28.00
14.26,724.00,128.00,32.00
14.29,640.00,128.00,24.00
14.31,636.00,128.00,28.00
14.33,656.00,100.00,32.00
14.36,684.00,132.00,24.00
14.38,760.00,112.00,32.00
14.41,924.00,112.00,8.00
14.46,1144.00,104.00,12.00
14.48,1268.00,72.00,16.00
14.51,1480.00,108.00,32.00
14.53,1576.00,-8.00,16.00
14.56,1640.00,56.00,44.00
14.58,1720.00,-8.00,32.00
14.60,1720.00,0.00,8.00
14.63,1740.00,-48.00,32.00
14.65,1664.00,-80.00,4.00
14.68,1576.00,-52.00,-56.00
14.70,1480.00,-72.00,4.00
14.75,1160.00,-160.00,-16.00
14.78,1044.00,-96.00,-16.00
14.80,936.00,-160.00,0.00
14.82,848.00,-164.00,-12.00
14.85,772.00,-172.00,-20.00
14.87,688.00,-176.00,0.00
14.90,676.00,-156.00,-24.00
14.92,680.00,-188.00,12.00
14.95,716.00,-156.00,-16.00
14.97,832.00,-132.00,8.00
15.00,932.00,-164.00,-20.00
15.02,1016.00,-116.00,-4.00
15.05,1132.00,-132.00,4.00
15.07,1248.00,-80.00,0.00
15.09,1456.00,-52.00,-8.00
15.12,1532.00,-16.00,0.00
15.14,1600.00,16.00,20.00
15.17,1648.00,-44.00,84.00
15.19,1704.00,60.00,4.00
15.22,1668.00,28.00,4.00
15.24,1604.00,40.00,76.00
15.26,1536.00,80.00,40.00
15.29,1488.00,80.00,24.00
15.32,1252.00,96.00,36.00
15.34,1152.00,168.00,-4.00
15.36,1052.00,68.00,-8.00
15.39,984.00,140.00,4.00
15.46,680.00,124.00,28.00
15.49,652.00,140.00,24.00
15.54,748.00,104.00,16.00
15.56,812.00,116.00,28.00
15.59,892.00,124.00,24.00
15.64,1084.00,80.00,40.00
15.66,1308.00,96.00,0.00
15.68,1392.00,64.00,8.00
15.71,1496.00,16.00,-8.00
15.73,1568.00,44.00,36.00
15.75,1616.00,16.00,-16.00
15.78,1656.00,-16.00,32.00
15.80,1664.00,-68.00,4.00
15.83,1636.00,-64.00,20.00
15.85,1556.00,-68.00,-8.00
15.87,1480.00,-64.00,-16.00
15.90,1396.00,-96.00,-16.00
15.92,1180.00,-140.00,12.00
15.95,1080.00,-92.00,-48.00
15.97,984.00,-128.00,-16.00
16.00,896.00,-164.00,-12.00
16.04,720.00,-168.00,8.00
16.07,700.00,-188.00,8.00
16.10,716.00,-148.00,-16.00
16.12,720.00,-128.00,-20.00
16.15,808.00,-172.00,8.00
16.17,900.00,-124.00,-12.00
16.19,988.00,-148.00,12.00
16.22,1088.00,-108.00,0.00
16.24,1180.00,-84.00,-12.00
16.27,1380.00,-68.00,12.00
16.29,1480.00,-52.00,0.00
16.31,1548.00,-16.00,20.00
16.34,1600.00,-40.00,52.00
16.36,1644.00,-4.00,-8.00
16.38,1640.00,16.00,4.00
,,,
16.43,1556.00,-8.00,-56.00
,,,
16.48,1364.00,96.00,4.00
,,,
16.51,1156.00,180.00,44.00
,,,
16.53,1072.00,88.00,20.00
,,,
16.56,916.00,176.00,32.00
,,,
16.58,856.00,132.00,20.00
,,,
16.60,788.00,144.00,4.00
,,,
16.66,680.00,112.00,32.00
,,,
16.68,696.00,112.00,16.00
,,,
16.70,712.00,112.00,32.00
,,,
16.73,752.00,100.00,16.00
,,,
16.75,868.00,116.00,28.00
,,,
16.78,960.00,92.00,24.00
,,,
16.80,1064.00,72.00,32.00
,,,
16.82,1156.00,68.00,32.00
,,,
16.85,1252.00,92.00,32.00
,,,
16.87,1432.00,32.00,16.00
,,,
16.90,1516.00,64.00,8.00
,,,
16.92,1548.00,4.00,36.00
,,,
16.97,1624.00,-20.00,-48.00
,,,
17.00,1556.00,-12.00,4.00
,,,
17.05,1456.00,-76.00,-20.00
,,,
17.07,1368.00,-124.00,-8.00
,,,
17.10,1192.00,-136.00,16.00
,,,
17.12,1092.00,-96.00,-28.00
,,,
17.14,1000.00,-108.00,-20.00
,,,
17.17,912.00,-156.00,-4.00
,,,
17.19,780.00,-152.00,-12.00
,,,
17.22,756.00,-156.00,-12.00
,,,
17.24,720.00,-172.00,8.00
,,,
17.27,716.00,-144.00,-20.00
,,,
17.29,736.00,-180.00,-12.00
,,,
17.32,824.00,-152.00,8.00
,,,
17.34,900.00,-128.00,-4.00
,,,
17.36,972.00,-136.00,16.00
,,,
17.39,1068.00,-116.00,-24.00
,,,
17.41,1152.00,-84.00,-28.00
,,,
17.44,1332.00,-64.00,24.00
,,,
17.46,1428.00,-44.00,-12.00
,,,
17.49,1496.00,-24.00,28.00
,,,
17.51,1556.00,-40.00,4.00
,,,
17.54,1580.00,36.00,-4.00
,,,
17.56,1588.00,12.00,-4.00
,,,
17.59,1464.00,28.00,-72.00
,,,
17.61,1504.00,152.00,-88.00
,,,
17.63,1424.00,132.00,-12.00
,,,
17.66,1268.00,80.00,8.00
,,,
17.68,1164.00,152.00,12.00
,,,
17.71,1080.00,68.00,20.00
,,,
17.73,984.00,112.00,4.00
,,,
17.76,924.00,96.00,20.00
,,,
17.81,736.00,88.00,28.00
,,,
17.83,708.00,160.00,-4.00
,,,
17.88,764.00,128.00,8.00
,,,
17.91,808.00,80.00,28.00
,,,
17.93,876.00,112.00,12.00
,,,
17.95,952.00,88.00,24.00
,,,
17.98,1036.00,96.00,40.00
,,,
18.00,1236.00,60.00,32.00
,,,
18.03,1304.00,80.00,32.00
,,,
18.05,1408.00,20.00,0.00
,,,
18.08,1468.00,52.00,36.00
,,,
18.10,1532.00,40.00,-48.00
,,,
18.13,1568.00,8.00,-20.00
,,,
18.15,1568.00,-32.00,-8.00
,,,
18.17,1520.00,-36.00,4.00
,,,
18.20,1508.00,-56.00,-8.00
,,,
18.22,1368.00,-76.00,-40.00
,,,
18.25,1268.00,-28.00,36.00
,,,
18.27,1184.00,-164.00,0.00
,,,
18.30,1084.00,-64.00,-4.00
,,,
18.32,1008.00,-148.00,-12.00
,,,
18.35,848.00,-128.00,-12.00
,,,
18.37,804.00,-180.00,-4.00
,,,
18.40,756.00,-160.00,16.00
,,,
18.42,744.00,-160.00,0.00
,,,
18.44,740.00,-144.00,-8.00
,,,
18.47,784.00,-164.00,4.00
,,,
18.49,836.00,-112.00,-12.00
,,,
18.52,900.00,-152.00,4.00
,,,
18.54,976.00,-112.00,8.00
,,,
18.59,1232.00,-112.00,0.00
,,,
18.62,1316.00,-64.00,0.00
,,,
18.64,1380.00,-36.00,-4.00
,,,
18.66,1464.00,-16.00,52.00
,,,
18.69,1540.00,4.00,-40.00
,,,
18.71,1528.00,52.00,4.00
,,,
18.74,1504.00,-24.00,-40.00
,,,
18.76,1512.00,72.00,-20.00
,,,
18.79,1476.00,64.00,24.00
,,,
18.81,1336.00,80.00,4.00
,,,
18.84,1244.00,80.00,12.00
,,,
18.86,1136.00,112.00,36.00
,,,
18.89,1056.00,92.00,8.00
,,,
18.91,912.00,80.00,0.00
,,,
18.94,824.00,108.00,4.00
,,,
18.96,768.00,48.00,156.00
,,,
18.99,760.00,44.00,32.00
,,,
19.01,700.00,72.00,-12.00
,,,
19.03,736.00,116.00,20.00
,,,
19.08,808.00,76.00,48.00
,,,
19.13,960.00,76.00,24.00
,,,
19.16,1128.00,76.00,24.00
,,,
19.20,1296.00,56.00,40.00
,,,
19.23,1384.00,0.00,36.00
,,,
19.26,1488.00,16.00,8.00
,,,
19.28,1520.00,8.00,-12.00
,,,
19.30,1528.00,-12.00,16.00
,,,
19.35,1480.00,4.00,-24.00
,,,
19.38,1376.00,-72.00,4.00
,,,
19.40,1340.00,-88.00,-64.00
,,,
19.43,1236.00,-48.00,28.00
,,,
19.48,1072.00,-140.00,-4.00
,,,
19.50,932.00,-140.00,-20.00
,,,
19.52,864.00,-180.00,4.00
,,,
19.55,804.00,-124.00,-32.00
,,,
19.57,780.00,-176.00,-4.00
,,,
19.60,764.00,-132.00,-12.00
,,,
19.62,776.00,-172.00,12.00
,,,
19.65,800.00,-128.00,0.00
,,,
19.69,912.00,-144.00,-8.00
,,,
19.72,1056.00,-100.00,0.00
,,,
19.75,1148.00,-108.00,4.00
,,,
19.77,1224.00,-88.00,0.00
,,,
19.79,1316.00,-60.00,-8.00
,,,
19.82,1396.00,-32.00,44.00
,,,
19.84,1480.00,-28.00,24.00
,,,
19.87,1516.00,4.00,0.00
,,,
19.89,1508.00,24.00,12.00
,,,
19.92,1496.00,-4.00,-28.00
,,,
19.94,1420.00,92.00,-16.00
,,,
19.97,1364.00,84.00,4.00
,,,
19.99,1312.00,52.00,-36.00
,,,
20.02,1200.00,84.00,16.00
,,,
20.04,1116.00,80.00,8.00
,,,
20.06,972.00,104.00,28.00
,,,
20.09,900.00,72.00,4.00
,,,
20.11,824.00,136.00,48.00
,,,
20.14,704.00,164.00,-20.00
,,,
20.16,700.00,144.00,0.00
,,,
20.19,748.00,100.00,24.00
,,,
20.21,768.00,116.00,28.00
,,,
20.24,804.00,72.00,40.00
,,,
20.29,984.00,56.00,16.00
,,,
20.31,1060.00,84.00,8.00
,,,
20.33,1136.00,64.00,40.00
,,,
20.38,1292.00,12.00,20.00
,,,
20.46,1468.00,12.00,36.00
,,,
20.48,1504.00,-4.00,12.00
,,,
20.56,1356.00,-52.00,-32.00
,,,
20.58,1284.00,-92.00,-12.00
,,,
20.61,1216.00,-144.00,8.00
,,,
20.63,1052.00,-88.00,-32.00
,,,
20.68,920.00,-132.00,-4.00
,,,
20.70,856.00,-152.00,-20.00
,,,
20.73,808.00,-124.00,-16.00
,,,
20.75,768.00,-168.00,0.00
,,,
20.78,776.00,-132.00,-24.00
,,,
20.80,784.00,-172.00,0.00
,,,
20.82,832.00,-116.00,4.00
,,,
20.85,868.00,-124.00,-12.00
,,,
20.87,1000.00,-128.00,8.00
,,,
20.90,1084.00,-84.00,-4.00
,,,
20.92,1156.00,-92.00,4.00
,,,
20.95,1228.00,-72.00,-4.00
,,,
20.97,1360.00,-24.00,20.00
,,,
21.02,1444.00,-24.00,8.00
,,,
21.04,1476.00,12.00,-8.00
,,,
21.07,1468.00,24.00,-12.00
,,,
21.10,1408.00,24.00,-72.00
,,,
21.12,1384.00,52.00,12.00
,,,
21.14,1304.00,60.00,32.00
,,,
21.17,1252.00,48.00,40.00
,,,
21.19,1168.00,96.00,-8.00
,,,
21.21,1020.00,48.00,52.00
,,,
21.24,952.00,104.00,20.00
,,,
21.26,896.00,88.00,-24.00
,,,
21.29,828.00,128.00,32.00
,,,
21.31,792.00,96.00,16.00
,,,
21.33,764.00,136.00,20.00
,,,
21.36,712.00,100.00,-16.00
,,,
21.38,800.00,120.00,-8.00
,,,
21.41,808.00,72.00,0.00
,,,
21.41,808.00,72.00,0.00
,,,
21.43,872.00,96.00,8.00
,,,
21.46,932.00,64.00,36.00
,,,
21.48,1060.00,72.00,24.00
,,,
21.50,1144.00,72.00,28.00
,,,
21.53,1228.00,48.00,40.00
,,,
21.58,1396.00,12.00,20.00
,,,
21.60,1444.00,-4.00,-20.00
,,,
21.63,1444.00,-4.00,8.00
,,,
21.65,1444.00,-8.00,16.00
,,,
21.68,1440.00,-24.00,-40.00
,,,
21.70,1352.00,-32.00,4.00
,,,
21.73,1296.00,-60.00,-12.00
,,,
21.75,1244.00,-100.00,-48.00
,,,
21.80,1100.00,-100.00,8.00
,,,
21.82,960.00,-116.00,-20.00
,,,
21.85,884.00,-148.00,16.00
,,,
21.87,856.00,-108.00,-36.00
,,,
21.90,812.00,-168.00,8.00
,,,
21.92,776.00,-156.00,-8.00
,,,
21.95,792.00,-108.00,-8.00
,,,
21.97,820.00,-156.00,8.00
,,,
21.99,860.00,-116.00,-8.00
,,,
22.05,1024.00,-116.00,12.00
,,,
22.07,1096.00,-72.00,-4.00
,,,
22.09,1168.00,-88.00,24.00
,,,
22.14,1296.00,-44.00,28.00
,,,
22.17,1396.00,-16.00,0.00
,,,
22.19,1416.00,12.00,-12.00
,,,
22.24,1436.00,-8.00,8.00
,,,
22.27,1384.00,12.00,-24.00
,,,
22.29,1316.00,52.00,36.00
,,,
22.31,1260.00,68.00,8.00
,,,
22.34,1200.00,52.00,8.00
,,,
22.36,1124.00,80.00,16.00
,,,
22.39,1048.00,80.00,-8.00
,,,
22.41,936.00,68.00,0.00
,,,
22.43,864.00,112.00,20.00
,,,
22.48,796.00,88.00,20.00
,,,
22.51,780.00,92.00,28.00
,,,
22.53,808.00,36.00,44.00
,,,
22.56,836.00,56.00,36.00
,,,
22.58,868.00,128.00,16.00
,,,
22.60,912.00,80.00,28.00
,,,
22.65,1084.00,64.00,48.00
,,,
22.70,1232.00,28.00,40.00
,,,
22.72,1296.00,60.00,32.00
,,,
22.75,1336.00,-12.00,28.00
,,,
22.77,1404.00,12.00,12.00
,,,
22.80,1420.00,-16.00,-8.00
,,,
22.82,1412.00,8.00,-64.00
,,,
22.85,1380.00,-24.00,-48.00
,,,
22.87,1356.00,-64.00,4.00
,,,
22.89,1256.00,-68.00,-36.00
,,,
22.92,1176.00,-40.00,32.00
,,,
22.94,1112.00,-152.00,12.00
,,,
22.97,1044.00,-64.00,4.00
,,,
22.99,980.00,-112.00,4.00
,,,
23.02,880.00,-160.00,12.00
,,,
23.04,832.00,-116.00,-20.00
,,,
23.06,804.00,-148.00,8.00
,,,
23.09,800.00,-124.00,-16.00
,,,
23.11,776.00,-132.00,16.00
,,,
23.14,832.00,-132.00,-16.00
,,,
23.16,884.00,-124.00,4.00
,,,
23.21,996.00,-108.00,-12.00
,,,
23.24,1124.00,-84.00,16.00
,,,
23.26,1196.00,-72.00,-12.00
,,,
23.31,1296.00,-72.00,16.00
,,,
23.34,1340.00,8.00,-4.00
,,,
23.36,1400.00,-4.00,-8.00
,,,
23.38,1408.00,0.00,-12.00
,,,
23.41,1400.00,28.00,8.00
,,,
23.43,1360.00,56.00,56.00
,,,
23.46,1276.00,68.00,-20.00
,,,
23.48,1216.00,72.00,4.00
,,,
23.51,1156.00,44.00,4.00
,,,
23.53,1072.00,120.00,24.00
,,,
23.55,1024.00,120.00,28.00
,,,
23.58,900.00,108.00,4.00
,,,
23.60,876.00,52.00,-4.00
,,,
23.63,820.00,112.00,20.00
,,,
23.65,796.00,80.00,16.00
,,,
23.68,776.00,132.00,36.00
,,,
23.70,820.00,40.00,24.00
,,,
23.73,848.00,124.00,-16.00
,,,
23.75,880.00,76.00,4.00
,,,
23.77,956.00,60.00,64.00
,,,
23.80,980.00,40.00,-12.00
,,,
23.83,1108.00,68.00,96.00
,,,
23.85,1204.00,88.00,16.00
,,,
23.88,1252.00,8.00,24.00
,,,
23.90,1352.00,4.00,28.00
,,,
23.93,1384.00,4.00,-8.00
,,,
23.95,1392.00,-8.00,8.00
,,,
23.97,1384.00,-28.00,-4.00
,,,
24.00,1376.00,-32.00,-16.00
,,,
24.05,1200.00,-28.00,84.00
,,,
24.07,1208.00,-84.00,-88.00
,,,
24.09,1132.00,-92.00,24.00
,,,
24.14,948.00,-152.00,-8.00
,,,
24.17,888.00,-128.00,24.00
,,,
24.19,864.00,-112.00,-28.00
,,,
24.22,832.00,-112.00,-16.00
,,,
24.24,820.00,-176.00,-24.00
,,,
24.27,816.00,-116.00,-16.00
,,,
24.29,840.00,-140.00,-20.00
,,,
24.32,872.00,-112.00,-16.00
,,,
24.34,924.00,-140.00,-8.00
,,,
24.37,976.00,-104.00,4.00
,,,
24.39,1084.00,-96.00,-20.00
,,,
24.42,1152.00,-80.00,12.00
,,,
24.44,1216.00,-56.00,32.00
,,,
24.46,1264.00,-64.00,0.00
,,,
24.49,1344.00,-24.00,28.00
,,,
24.51,1376.00,0.00,-4.00
,,,
24.54,1376.00,-12.00,4.00
,,,
24.56,1368.00,12.00,0.00
,,,
24.58,1388.00,0.00,-32.00
,,,
24.61,1268.00,40.00,28.00
,,,
24.63,1228.00,12.00,-36.00
,,,
24.66,1148.00,80.00,44.00
,,,
24.68,1104.00,68.00,24.00
,,,
24.71,1040.00,84.00,4.00
,,,
24.73,928.00,80.00,4.00
,,,
24.76,872.00,104.00,36.00
,,,
24.78,836.00,92.00,8.00
,,,
24.81,804.00,84.00,12.00
,,,
24.86,804.00,48.00,36.00
,,,
24.88,840.00,80.00,8.00
,,,
24.90,868.00,128.00,-4.00
,,,
24.93,928.00,88.00,16.00
,,,
24.95,1040.00,64.00,16.00
,,,
24.98,1076.00,80.00,56.00
,,,
25.00,1156.00,68.00,0.00
,,,
25.03,1212.00,20.00,8.00
,,,
25.05,1268.00,12.00,36.00
,,,
25.08,1344.00,-4.00,4.00
,,,
25.10,1328.00,0.00,48.00
,,,
25.12,1348.00,-20.00,16.00
,,,
25.15,1380.00,-60.00,12.00
,,,
25.17,1328.00,-60.00,-48.00
,,,
25.25,1140.00,-120.00,20.00
,,,
25.27,1120.00,-32.00,12.00
,,,
25.32,928.00,-136.00,-8.00
,,,
25.35,888.00,-104.00,-12.00
,,,
25.37,852.00,-152.00,-8.00
,,,
25.40,832.00,-136.00,-8.00
,,,
25.42,824.00,-132.00,8.00
,,,
25.47,864.00,-124.00,-4.00
,,,
25.49,904.00,-112.00,-4.00
,,,
25.52,1008.00,-100.00,0.00
,,,
25.57,1120.00,-76.00,16.00
,,,
25.59,1176.00,-60.00,24.00
,,,
25.62,1232.00,-60.00,16.00
,,,
25.64,1300.00,-20.00,8.00
,,,
25.67,1336.00,-16.00,-20.00
,,,
25.69,1348.00,-12.00,8.00
,,,
25.71,1344.00,20.00,4.00
,,,
25.74,1336.00,-12.00,-100.00
,,,
25.76,1288.00,72.00,16.00
,,,
25.89,944.00,64.00,-8.00
,,,
25.93,852.00,96.00,8.00
,,,
25.96,832.00,84.00,20.00
,,,
25.98,812.00,88.00,24.00
,,,
26.03,860.00,64.00,20.00
,,,
26.06,884.00,104.00,32.00
,,,
26.08,928.00,44.00,28.00
,,,
26.11,1008.00,44.00,32.00
,,,
26.13,1068.00,80.00,28.00
,,,
26.16,1112.00,44.00,52.00
,,,
26.18,1180.00,44.00,28.00
,,,
26.21,1272.00,28.00,16.00
,,,
26.23,1308.00,8.00,0.00
,,,
26.25,1324.00,4.00,-8.00
,,,
26.28,1332.00,4.00,0.00
,,,
26.30,1332.00,-16.00,-80.00
,,,
26.33,1320.00,-4.00,-52.00
,,,
26.35,1240.00,-48.00,-4.00
,,,
26.38,1212.00,-20.00,-8.00
,,,
26.40,1148.00,-108.00,-36.00
,,,
26.43,1108.00,-116.00,0.00
,,,
26.45,996.00,-100.00,-12.00
,,,
26.47,940.00,-120.00,0.00
,,,
26.50,916.00,-112.00,-8.00
,,,
26.55,844.00,-132.00,0.00
,,,
26.57,828.00,-132.00,-12.00
,,,
26.60,836.00,-124.00,0.00
,,,
26.62,860.00,-132.00,8.00
,,,
26.67,992.00,-92.00,0.00
,,,
26.72,1092.00,-76.00,12.00
,,,
26.75,1148.00,-56.00,40.00
,,,
26.79,1288.00,-28.00,0.00
,,,
26.82,1308.00,-12.00,-28.00
,,,
26.84,1328.00,-24.00,12.00
,,,
26.87,1324.00,4.00,0.00
,,,
26.89,1320.00,-4.00,16.00
,,,
26.92,1264.00,32.00,-8.00
,,,
26.94,1212.00,32.00,24.00
,,,
26.96,1168.00,52.00,32.00
,,,
26.99,1112.00,28.00,8.00
,,,
27.01,1068.00,68.00,8.00
,,,
27.04,952.00,76.00,28.00
,,,
27.08,868.00,68.00,28.00
,,,
27.11,844.00,76.00,20.00
,,,
27.13,824.00,84.00,20.00
,,,
27.16,820.00,56.00,8.00
,,,
27.18,836.00,96.00,24.00
,,,
27.21,852.00,80.00,44.00
,,,
27.23,888.00,104.00,28.00
,,,
27.25,952.00,48.00,32.00
,,,
27.28,1048.00,76.00,40.00
,,,
27.30,1112.00,44.00,20.00
,,,
27.33,1156.00,40.00,28.00
,,,
27.35,1212.00,36.00,36.00
,,,
27.40,1296.00,-16.00,8.00
,,,
27.42,1316.00,12.00,-20.00
,,,
27.47,1292.00,-40.00,-20.00
,,,
27.50,1196.00,-60.00,-36.00
,,,
27.52,1232.00,-92.00,20.00
,,,
27.55,1188.00,-136.00,-40.00
,,,
27.57,1120.00,-140.00,0.00
,,,
27.59,1068.00,-28.00,4.00
,,,
27.62,984.00,-156.00,-16.00
,,,
27.65,916.00,-132.00,-16.00
,,,
27.67,888.00,-88.00,-28.00
,,,
27.69,856.00,-140.00,-16.00
,,,
27.72,852.00,-108.00,-16.00
,,,
27.75,856.00,-108.00,-12.00
,,,
27.77,864.00,-144.00,20.00
,,,
27.79,904.00,-80.00,8.00
,,,
27.84,1032.00,-100.00,20.00
,,,
27.87,1088.00,-76.00,8.00
,,,
27.89,1124.00,-60.00,16.00
,,,
27.91,1180.00,-68.00,24.00
,,,
27.94,1224.00,-60.00,12.00
,,,
27.97,1284.00,4.00,-16.00
,,,
27.99,1296.00,-16.00,4.00
,,,
28.01,1292.00,16.00,-12.00
,,,
28.04,1296.00,8.00,8.00
,,,
28.06,1276.00,48.00,0.00
,,,
28.08,1164.00,84.00,168.00
,,,
28.31,816.00,84.00,12.00
,,,
28.33,844.00,56.00,32.00
,,,
28.35,868.00,88.00,20.00
,,,
28.38,888.00,80.00,72.00
,,,
28.43,1048.00,80.00,-4.00
,,,
28.45,1076.00,40.00,52.00
,,,
28.50,1172.00,28.00,28.00
,,,
28.52,1224.00,44.00,16.00
,,,
28.55,1256.00,-12.00,4.00
,,,
28.57,1288.00,4.00,8.00
,,,
28.59,1288.00,-12.00,24.00
,,,
28.62,1280.00,-24.00,-4.00
,,,
28.64,1256.00,-36.00,-20.00
,,,
28.67,1240.00,-60.00,4.00
,,,
28.69,1112.00,-84.00,-24.00
,,,
28.74,1028.00,-64.00,-52.00
,,,
28.79,960.00,-112.00,-8.00
,,,
28.81,892.00,-92.00,-20.00
,,,
28.84,864.00,-148.00,0.00
,,,
28.86,848.00,-116.00,-4.00
,,,
28.89,836.00,-112.00,16.00
,,,
28.94,916.00,-104.00,-8.00
,,,
28.96,940.00,-116.00,0.00
,,,
28.98,972.00,-104.00,8.00
,,,
29.01,1024.00,-96.00,20.00
,,,
29.03,1116.00,-72.00,8.00
,,,
29.06,1156.00,-56.00,28.00
,,,
29.08,1208.00,-60.00,24.00
,,,
29.11,1232.00,-32.00,20.00
,,,
29.13,1260.00,-12.00,4.00
,,,
29.16,1288.00,12.00,8.00
,,,
29.18,1284.00,0.00,4.00
,,,
29.20,1260.00,28.00,4.00
,,,
29.23,1244.00,20.00,-8.00
,,,
29.26,1200.00,12.00,52.00
,,,
29.28,1112.00,20.00,40.00
,,,
29.30,1068.00,84.00,4.00
,,,
29.33,1020.00,16.00,-12.00
,,,
29.35,964.00,68.00,-12.00
,,,
29.38,928.00,80.00,28.00
,,,
29.43,844.00,72.00,12.00
,,,
29.45,840.00,84.00,24.00
,,,
29.48,836.00,64.00,16.00
,,,
29.50,896.00,68.00,-16.00
,,,
29.52,900.00,60.00,48.00
,,,
29.55,952.00,76.00,4.00
,,,
29.57,980.00,24.00,24.00
,,,
29.60,1032.00,48.00,36.00
,,,
29.62,1132.00,16.00,12.00
,,,
29.65,1164.00,44.00,20.00
,,,
29.67,1208.00,28.00,24.00
,,,
29.69,1240.00,20.00,0.00
,,,
29.72,1272.00,4.00,4.00
,,,
29.75,1272.00,-8.00,0.00
,,,
29.73,1240.00,-28.00,-8.00
,,,
29.75,1220.00,-56.00,16.00
,,,
29.78,1172.00,-32.00,-64.00
,,,
29.82,1052.00,-52.00,-36.00
,,,
29.85,1020.00,-108.00,32.00
,,,
29.87,964.00,-76.00,0.00
,,,
29.90,892.00,-92.00,-36.00
,,,
29.92,868.00,-132.00,8.00
,,,
29.97,864.00,-132.00,-12.00
,,,
30.00,868.00,-128.00,16.00
,,,
30.02,904.00,-84.00,-8.00
,,,
30.04,936.00,-116.00,16.00
,,,
30.07,980.00,-84.00,-8.00
,,,
30.12,1068.00,-64.00,12.00
,,,
30.14,1148.00,-64.00,32.00
,,,
30.17,1192.00,-48.00,12.00
,,,
30.19,1216.00,-24.00,16.00
,,,
30.21,1256.00,-16.00,4.00
,,,
30.24,1264.00,-8.00,-4.00
,,,
30.27,1260.00,4.00,0.00
,,,
30.29,1244.00,20.00,4.00
,,,
30.31,1216.00,28.00,-8.00
,,,
30.34,1184.00,28.00,-136.00
,,,
30.36,1128.00,28.00,20.00
,,,
30.39,1044.00,68.00,76.00
,,,
30.44,972.00,76.00,4.00
,,,
30.46,932.00,64.00,20.00
,,,
30.49,876.00,88.00,16.00
,,,
30.51,852.00,64.00,8.00
,,,
30.56,844.00,84.00,20.00
,,,
30.58,860.00,60.00,20.00
,,,
30.61,896.00,80.00,40.00
,,,
30.63,948.00,92.00,16.00
,,,
30.66,984.00,16.00,52.00
,,,
30.71,1120.00,24.00,-8.00
,,,
30.73,1148.00,40.00,36.00
,,,
30.76,1192.00,40.00,-4.00
,,,
30.78,1208.00,8.00,-28.00
,,,
30.80,1252.00,0.00,28.00
,,,
30.83,1260.00,-12.00,-28.00
,,,
30.85,1244.00,-32.00,0.00
,,,
30.87,1232.00,-32.00,-12.00
,,,
30.90,1204.00,-52.00,-8.00
,,,
30.92,1160.00,-76.00,-12.00
,,,
30.95,1148.00,-72.00,-36.00
,,,
30.99,1000.00,-76.00,-12.00
,,,
31.02,984.00,-84.00,-8.00
,,,
31.04,928.00,-152.00,-56.00
,,,
31.07,924.00,-132.00,16.00
,,,
31.12,864.00,-140.00,12.00
,,,
31.14,884.00,-96.00,-8.00
,,,
31.16,880.00,-124.00,0.00
,,,
31.22,976.00,-80.00,-4.00
,,,
31.26,1056.00,-76.00,4.00
,,,
31.29,1100.00,-68.00,28.00
,,,
31.31,1164.00,-52.00,20.00
,,,
31.34,1192.00,-32.00,-20.00
,,,
31.36,1224.00,-32.00,4.00
,,,
31.39,1248.00,4.00,-8.00
,,,
31.41,1248.00,-12.00,8.00
,,,
31.43,1244.00,20.00,0.00
,,,
31.46,1208.00,20.00,12.00
,,,
31.48,1256.00,12.00,-12.00
,,,
31.51,1152.00,-36.00,-32.00
,,,
31.56,1024.00,40.00,-40.00
,,,
31.58,968.00,44.00,32.00
,,,
31.60,928.00,76.00,12.00
,,,
31.63,904.00,48.00,24.00
,,,
31.65,880.00,64.00,8.00
,,,
31.68,852.00,72.00,28.00
,,,
31.70,856.00,80.00,8.00
,,,
31.73,860.00,76.00,24.00
,,,
31.75,880.00,64.00,60.00
,,,
31.78,904.00,72.00,28.00
,,,
31.80,980.00,16.00,28.00
,,,
31.83,1020.00,80.00,24.00
,,,
31.85,1064.00,16.00,36.00
,,,
31.87,1116.00,12.00,36.00
,,,
31.90,1184.00,20.00,0.00
,,,
31.92,1208.00,8.00,8.00
,,,
31.97,1232.00,4.00,12.00
,,,
32.00,1244.00,-8.00,-8.00
,,,
32.02,1216.00,-32.00,-8.00
,,,
32.07,1132.00,-56.00,0.00
,,,
32.12,1040.00,-48.00,-28.00
,,,
32.15,1016.00,-108.00,36.00
,,,
32.17,948.00,-52.00,-36.00
,,,
32.20,932.00,-124.00,-28.00
,,,
32.22,904.00,-116.00,4.00
,,,
32.24,880.00,-108.00,-4.00
,,,
32.29,880.00,-80.00,-12.00
,,,
32.31,896.00,-120.00,32.00
,,,
32.34,924.00,-92.00,32.00
,,,
32.36,936.00,-84.00,-12.00
,,,
32.39,1012.00,-80.00,32.00
,,,
32.41,1056.00,-76.00,-8.00
,,,
32.43,1084.00,-60.00,28.00
,,,
32.46,1128.00,-76.00,8.00
,,,
32.48,1160.00,-20.00,-12.00
,,,
32.51,1224.00,-44.00,-28.00
,,,
32.53,1220.00,8.00,-8.00
,,,
32.58,1224.00,16.00,4.00
,,,
32.68,1112.00,40.00,36.00
,,,
32.73,972.00,16.00,20.00
,,,
32.75,932.00,84.00,32.00
,,,
32.78,912.00,52.00,-8.00
,,,
32.80,876.00,88.00,28.00
,,,
32.82,860.00,72.00,28.00
,,,
32.85,860.00,84.00,8.00
,,,
32.87,872.00,68.00,20.00
,,,
32.90,904.00,44.00,40.00
,,,
32.92,928.00,68.00,24.00
,,,
32.95,952.00,40.00,40.00
,,,
32.97,1024.00,76.00,24.00
,,,
33.00,1056.00,12.00,32.00
,,,
33.02,1104.00,28.00,20.00
,,,
33.04,1132.00,28.00,8.00
,,,
33.07,1172.00,4.00,0.00
,,,
33.09,1216.00,8.00,-8.00
,,,
33.14,1224.00,-20.00,-12.00
,,,
33.17,1208.00,-24.00,4.00
,,,
33.22,1148.00,-92.00,-4.00
,,,
33.24,1116.00,-96.00,-16.00
,,,
33.29,1044.00,-76.00,-8.00
,,,
33.34,944.00,-108.00,-12.00
,,,
33.36,908.00,-116.00,-4.00
,,,
33.39,860.00,-76.00,12.00
,,,
33.41,876.00,-120.00,12.00
,,,
33.44,884.00,-80.00,-20.00
,,,
33.46,892.00,-120.00,20.00
,,,
33.49,928.00,-84.00,-8.00
,,,
33.51,948.00,-104.00,-4.00
,,,
33.56,1056.00,-72.00,-12.00
,,,
33.58,1084.00,-68.00,40.00
,,,
33.61,1124.00,-72.00,-4.00
,,,
33.63,1156.00,-32.00,-28.00
,,,
33.66,1204.00,-40.00,12.00
,,,
33.68,1220.00,0.00,-12.00
,,,
33.71,1208.00,-16.00,12.00
,,,
33.73,1212.00,12.00,4.00
,,,
33.76,1200.00,20.00,4.00
,,,
33.78,1148.00,28.00,12.00
,,,
33.81,1140.00,16.00,-36.00
,,,
33.83,1092.00,80.00,40.00
,,,
33.86,1036.00,12.00,4.00
,,,
33.88,960.00,88.00,24.00
,,,
33.90,940.00,60.00,8.00
,,,
33.95,884.00,96.00,12.00
,,,
33.98,876.00,64.00,8.00
,,,
34.00,868.00,80.00,28.00
,,,
34.03,888.00,48.00,16.00
,,,
34.05,904.00,36.00,28.00
,,,
34.07,936.00,76.00,40.00
,,,
34.10,992.00,32.00,28.00
,,,
34.13,1016.00,64.00,44.00
,,,
34.15,1060.00,32.00,12.00
,,,
34.17,1100.00,12.00,20.00
,,,
34.20,1144.00,16.00,4.00
,,,
34.22,1176.00,4.00,0.00
,,,
34.25,1204.00,4.00,-4.00
,,,
34.27,1204.00,-4.00,4.00
,,,
34.30,1208.00,-16.00,-20.00
,,,
34.32,1192.00,-32.00,-16.00
,,,
34.35,1156.00,-48.00,0.00
,,,
34.37,1132.00,-76.00,-8.00
,,,
34.40,1104.00,-64.00,4.00
,,,
34.42,1064.00,-100.00,-20.00
,,,
34.44,996.00,-92.00,0.00
,,,
34.47,956.00,-124.00,-32.00
,,,
34.49,936.00,-112.00,-8.00
,,,
34.52,908.00,-88.00,-12.00
,,,
34.54,880.00,-100.00,-8.00
,,,
34.57,880.00,-112.00,-4.00
,,,
34.59,900.00,-88.00,-4.00
,,,
34.62,900.00,-116.00,8.00
,,,
34.64,932.00,-92.00,28.00
,,,
34.66,944.00,-76.00,-12.00
,,,
34.69,984.00,-84.00,28.00
,,,
34.71,1060.00,-80.00,12.00
,,,
34.73,1084.00,-68.00,40.00
,,,
34.76,1116.00,-60.00,-4.00
,,,
34.78,1152.00,-24.00,-24.00
,,,
34.81,1184.00,-12.00,12.00
,,,
34.83,1200.00,-12.00,-20.00
,,,
34.86,1196.00,-16.00,20.00
,,,
34.88,1196.00,4.00,20.00
,,,
34.91,1184.00,16.00,8.00
,,,
34.93,1136.00,16.00,4.00
,,,
34.96,1092.00,64.00,32.00
,,,
34.98,1060.00,68.00,12.00
,,,
35.00,1048.00,120.00,-52.00
,,,
35.03,1016.00,64.00,4.00
,,,
35.05,932.00,24.00,-4.00
,,,
35.08,892.00,28.00,32.00
,,,
35.10,888.00,100.00,4.00
,,,
35.13,876.00,36.00,16.00
,,,
35.15,864.00,64.00,28.00
,,,
35.17,892.00,72.00,16.00
,,,
35.20,904.00,40.00,20.00
,,,
35.22,936.00,68.00,12.00
,,,
35.25,960.00,20.00,12.00
,,,
35.27,1000.00,36.00,20.00
,,,
35.30,1064.00,28.00,12.00
,,,
35.32,1092.00,40.00,24.00
,,,
35.34,1132.00,16.00,8.00
,,,
35.37,1148.00,16.00,-4.00
,,,
35.39,1180.00,4.00,4.00
,,,
35.42,1196.00,4.00,0.00
,,,
35.44,1196.00,-20.00,-8.00
,,,
35.47,1184.00,-32.00,-8.00
,,,
35.49,1168.00,-36.00,-4.00
,,,
35.52,1108.00,-72.00,-20.00
,,,
35.54,1104.00,-56.00,4.00
,,,
35.56,1064.00,-108.00,8.00
,,,
35.59,1020.00,-64.00,-8.00
,,,
35.64,932.00,-104.00,-16.00
,,,
35.66,912.00,-148.00,0.00
,,,
35.69,900.00,-64.00,-24.00
,,,
35.71,884.00,-96.00,-12.00
,,,
35.79,928.00,-84.00,12.00
,,,
35.81,964.00,-92.00,12.00
,,,
35.83,988.00,-80.00,4.00
,,,
35.86,1020.00,-68.00,28.00
,,,
35.91,1120.00,-48.00,-16.00
,,,
35.93,1140.00,-28.00,8.00
,,,
35.95,1172.00,-44.00,8.00
,,,
36.01,1184.00,8.00,12.00
,,,
36.03,1180.00,4.00,-12.00
,,,
36.05,1164.00,8.00,12.00
,,,
36.08,1148.00,28.00,0.00
,,,
36.10,992.00,-28.00,112.00
,,,
36.13,1044.00,76.00,-76.00
,,,
36.15,996.00,48.00,8.00
,,,
36.17,988.00,16.00,28.00
,,,
36.20,952.00,32.00,-20.00
,,,
36.25,892.00,52.00,8.00
,,,
36.30,884.00,64.00,16.00
,,,
36.32,884.00,76.00,12.00
,,,
36.34,912.00,64.00,28.00
,,,
36.37,960.00,52.00,20.00
,,,
36.39,964.00,40.00,44.00
,,,
36.42,1008.00,64.00,12.00
,,,
36.44,1020.00,28.00,20.00
,,,
36.49,1124.00,16.00,12.00
,,,
36.51,1148.00,0.00,12.00
,,,
36.54,1172.00,0.00,8.00
,,,
36.56,1180.00,-12.00,-4.00
,,,
36.59,1176.00,-36.00,-12.00
,,,
36.61,1168.00,-20.00,-4.00
,,,
36.66,1128.00,-44.00,-12.00
,,,
36.68,1100.00,-92.00,-24.00
,,,
36.71,1032.00,-96.00,4.00
,,,
36.76,976.00,-76.00,24.00
,,,
36.78,944.00,-96.00,-12.00
,,,
36.80,924.00,-120.00,-16.00
,,,
36.83,904.00,-116.00,-8.00
,,,
36.88,884.00,-120.00,12.00
,,,
36.90,912.00,-60.00,8.00
,,,
36.93,932.00,-80.00,4.00
,,,
36.95,968.00,-84.00,0.00
,,,
36.98,992.00,-68.00,24.00
,,,
37.00,1036.00,-88.00,-20.00
,,,
37.03,1032.00,-64.00,-16.00
,,,
37.05,1100.00,-32.00,36.00
,,,
37.08,1140.00,-36.00,-20.00
,,,
37.10,1152.00,-40.00,28.00
,,,
37.13,1176.00,0.00,-12.00
,,,
37.15,1172.00,0.00,4.00
,,,
37.17,1164.00,4.00,8.00
,,,
37.20,1152.00,0.00,12.00
,,,
37.22,1120.00,24.00,0.00
,,,
37.25,1108.00,4.00,20.00
,,,
37.27,1036.00,48.00,-8.00
,,,
37.30,1012.00,24.00,24.00
,,,
37.32,940.00,52.00,-44.00
,,,
37.37,940.00,36.00,20.00
,,,
37.40,892.00,60.00,0.00
,,,
37.42,884.00,60.00,12.00
,,,
37.44,888.00,68.00,24.00
,,,
37.49,892.00,80.00,8.00
,,,
37.52,940.00,32.00,36.00
,,,
37.54,984.00,48.00,16.00
,,,
37.57,1008.00,36.00,32.00
,,,
37.64,1120.00,24.00,12.00
,,,
37.66,1144.00,4.00,0.00
,,,
37.69,1156.00,-4.00,-12.00
,,,
37.71,1168.00,-4.00,-4.00
,,,
37.74,1168.00,-20.00,-4.00
,,,
37.79,1140.00,-44.00,-12.00
,,,
37.81,1112.00,-52.00,-8.00
,,,
37.84,1088.00,-76.00,36.00
,,,
37.89,1020.00,-100.00,0.00
,,,
37.91,980.00,-104.00,-28.00
,,,
37.93,948.00,-88.00,-4.00
,,,
37.96,912.00,-124.00,12.00
,,,
37.98,900.00,-76.00,-12.00
,,,
38.01,900.00,-116.00,-4.00
,,,
38.03,908.00,-96.00,36.00
,,,
38.06,908.00,-80.00,16.00
,,,
38.11,972.00,-84.00,12.00
,,,
38.13,1000.00,-68.00,8.00
,,,
38.15,1028.00,-68.00,20.00
,,,
38.18,1056.00,-52.00,-12.00
,,,
38.21,1116.00,-44.00,0.00
,,,
38.23,1136.00,-32.00,-8.00
,,,
38.26,1140.00,-20.00,-4.00
,,,
38.31,1152.00,-4.00,8.00
,,,
38.33,1152.00,8.00,0.00
,,,
38.35,1132.00,24.00,12.00
,,,
38.38,1112.00,20.00,-12.00
,,,
38.40,1092.00,68.00,0.00
,,,
38.43,1028.00,60.00,0.00
,,,
38.45,960.00,32.00,-96.00
,,,
38.47,976.00,88.00,56.00
,,,
38.50,968.00,40.00,28.00
,,,
38.52,916.00,68.00,-8.00
,,,
38.55,880.00,52.00,36.00
,,,
38.57,892.00,68.00,0.00
,,,
38.60,884.00,52.00,36.00
,,,
38.62,904.00,60.00,32.00
,,,
38.65,936.00,68.00,20.00
,,,
38.70,980.00,56.00,16.00
,,,
38.74,1036.00,16.00,12.00
,,,
38.80,1120.00,12.00,0.00
,,,
38.84,1144.00,0.00,-12.00
,,,
38.87,1160.00,-20.00,12.00
,,,
38.89,1148.00,-24.00,-12.00
,,,
38.92,1144.00,-32.00,0.00
,,,
38.96,1100.00,-44.00,-16.00
,,,
38.99,1064.00,-48.00,4.00
,,,
39.01,1024.00,-92.00,0.00
,,,
39.04,976.00,-72.00,-32.00
,,,
39.06,972.00,-88.00,-20.00
,,,
39.13,940.00,-104.00,-80.00
,,,
39.16,900.00,-104.00,36.00
,,,
39.21,924.00,-92.00,0.00
,,,
39.25,984.00,-72.00,4.00
,,,
39.28,1012.00,-76.00,32.00
,,,
39.30,1036.00,-72.00,24.00
,,,
39.33,1056.00,-52.00,-4.00
,,,
39.35,1116.00,-48.00,-28.00
,,,
39.38,1120.00,-32.00,20.00
,,,
39.40,1140.00,-24.00,-4.00
,,,
39.43,1148.00,-4.00,-16.00
,,,
39.45,1152.00,4.00,-12.00
,,,
39.47,1156.00,16.00,12.00
,,,
39.50,1120.00,12.00,0.00
,,,
39.52,1096.00,16.00,8.00
,,,
39.55,1072.00,16.00,0.00
,,,
39.57,1056.00,40.00,28.00
,,,
39.60,964.00,0.00,132.00
,,,
39.62,968.00,32.00,124.00
,,,
39.65,956.00,40.00,-48.00
,,,
39.67,904.00,68.00,28.00
,,,
39.69,916.00,52.00,28.00
,,,
39.72,892.00,64.00,12.00
,,,
39.74,892.00,48.00,36.00
,,,
39.76,912.00,48.00,24.00
,,,
39.79,924.00,48.00,32.00
,,,
39.81,948.00,44.00,48.00
,,,
39.84,964.00,52.00,36.00
,,,
39.89,1044.00,28.00,16.00
,,,
39.94,1112.00,8.00,4.00
,,,
39.96,1140.00,4.00,-16.00
,,,
39.99,1148.00,-8.00,8.00
,,,
40.01,1148.00,-16.00,-20.00
,,,
40.04,1156.00,-32.00,-12.00
,,,
40.06,1120.00,-36.00,-8.00
,,,
40.09,1108.00,-44.00,0.00
,,,
40.11,1088.00,-52.00,-16.00
,,,
40.13,1064.00,-64.00,4.00
,,,
40.16,1028.00,-100.00,-12.00
,,,
40.19,968.00,-40.00,28.00
,,,
40.21,940.00,-108.00,-12.00
,,,
40.23,936.00,-56.00,-8.00
,,,
40.26,916.00,-120.00,0.00
,,,
40.28,916.00,-120.00,8.00
,,,
40.31,904.00,-84.00,44.00
,,,
40.33,932.00,-108.00,12.00
,,,
40.36,928.00,-80.00,24.00
,,,
40.38,948.00,-100.00,24.00
,,,
40.45,1040.00,-56.00,4.00
,,,
40.53,1120.00,-16.00,-8.00
,,,
40.55,1136.00,-16.00,0.00
,,,
40.60,1144.00,0.00,-8.00
,,,
40.62,1136.00,12.00,0.00
,,,
40.65,1104.00,12.00,8.00
,,,
40.70,1064.00,32.00,16.00
,,,
40.72,1036.00,20.00,40.00
,,,
40.75,996.00,-4.00,68.00
,,,
40.77,888.00,132.00,4.00
,,,
40.82,916.00,8.00,-40.00
,,,
40.84,892.00,64.00,-8.00
,,,
40.87,908.00,44.00,32.00
,,,
40.89,900.00,76.00,0.00
,,,
40.94,940.00,52.00,0.00
,,,
41.04,1036.00,20.00,52.00
,,,
41.04,1036.00,20.00,52.00
,,,
41.06,1068.00,12.00,20.00
,,,
41.08,1092.00,8.00,12.00
,,,
41.11,1112.00,0.00,0.00
,,,
41.13,1136.00,0.00,-4.00
,,,
41.16,1132.00,-24.00,-4.00
,,,
41.18,1128.00,0.00,-24.00
,,,
41.20,1120.00,-32.00,4.00
,,,
41.25,1072.00,-56.00,-12.00
,,,
41.28,1052.00,-48.00,0.00
,,,
41.30,1032.00,-100.00,-12.00
,,,
41.33,1004.00,-60.00,-28.00
,,,
41.35,992.00,-104.00,-16.00
,,,
41.38,920.00,-68.00,16.00
,,,
41.40,924.00,-104.00,-20.00
,,,
41.45,924.00,-108.00,-20.00
,,,
41.48,928.00,-100.00,-4.00
,,,
41.50,932.00,-76.00,4.00
,,,
41.55,956.00,-68.00,36.00
,,,
41.57,1004.00,-60.00,32.00
,,,
41.60,1056.00,-52.00,8.00
,,,
41.62,1056.00,-60.00,36.00
,,,
41.65,1088.00,-32.00,-4.00
,,,
41.67,1100.00,-44.00,-4.00
,,,
41.70,1120.00,-20.00,4.00
,,,
41.72,1140.00,-4.00,-8.00
,,,
41.74,1132.00,0.00,12.00
,,,
41.77,1124.00,4.00,-4.00
,,,
41.82,1088.00,24.00,0.00
,,,
41.84,1044.00,28.00,4.00
,,,
41.86,1032.00,40.00,-20.00
,,,
41.89,996.00,92.00,28.00
,,,
41.91,1024.00,-12.00,-24.00
,,,
41.94,920.00,136.00,0.00
,,,
41.96,940.00,16.00,28.00
,,,
41.98,908.00,72.00,4.00
,,,
42.01,912.00,28.00,20.00
,,,
42.03,904.00,68.00,32.00
,,,
42.06,916.00,52.00,28.00
,,,
42.08,944.00,48.00,28.00
,,,
42.11,968.00,16.00,12.00
,,,
42.13,976.00,40.00,44.00
,,,
42.18,1024.00,24.00,4.00
,,,
42.20,1076.00,8.00,20.00
,,,
42.23,1088.00,20.00,0.00
,,,
42.25,1100.00,-8.00,12.00
,,,
42.28,1120.00,0.00,4.00
,,,
42.30,1124.00,-8.00,-8.00
,,,
42.33,1128.00,-36.00,-8.00
,,,
42.35,1112.00,-36.00,-12.00
,,,
42.38,1100.00,-48.00,-12.00
,,,
42.40,1076.00,-52.00,-12.00
,,,
42.43,1028.00,-68.00,8.00
,,,
42.45,1008.00,-100.00,16.00
,,,
42.47,992.00,-36.00,-24.00
,,,
42.50,988.00,-104.00,-24.00
,,,
42.52,972.00,-120.00,4.00
,,,
42.57,916.00,-124.00,20.00
,,,
42.60,936.00,-48.00,-20.00
,,,
42.62,908.00,-104.00,-12.00
,,,
42.67,968.00,-84.00,16.00
,,,
42.70,980.00,-68.00,20.00
,,,
42.72,1012.00,-68.00,20.00
,,,
42.75,1024.00,-64.00,12.00
,,,
42.79,1084.00,-36.00,-24.00
,,,
42.82,1092.00,-36.00,8.00
,,,
42.84,1112.00,-16.00,-16.00
,,,
42.86,1116.00,-20.00,-4.00
,,,
42.89,1120.00,-4.00,-4.00
,,,
42.92,1104.00,8.00,0.00
,,,
42.94,1100.00,16.00,-8.00
,,,
42.96,1072.00,20.00,4.00
,,,
42.99,1056.00,28.00,-16.00
,,,
43.01,1004.00,60.00,36.00
,,,
43.04,984.00,44.00,-12.00
,,,
43.06,968.00,16.00,16.00
,,,
43.09,944.00,68.00,-12.00
,,,
43.11,932.00,68.00,52.00
,,,
43.13,892.00,96.00,-20.00
,,,
43.18,912.00,48.00,12.00
,,,
43.23,936.00,28.00,24.00
,,,
43.28,984.00,60.00,24.00
,,,
43.30,1012.00,12.00,16.00
,,,
43.33,1028.00,16.00,20.00
,,,
43.35,1052.00,8.00,0.00
,,,
43.38,1092.00,8.00,12.00
,,,
43.40,1108.00,-4.00,-8.00
,,,
43.42,1112.00,0.00,8.00
,,,
43.45,1116.00,-12.00,-12.00
,,,
43.47,1112.00,-12.00,-8.00
,,,
43.50,1100.00,-40.00,4.00
,,,
43.52,1088.00,-40.00,-8.00
,,,
43.55,1068.00,-52.00,-12.00
,,,
43.57,1036.00,-44.00,12.00
,,,
43.60,1016.00,-68.00,0.00
,,,
43.62,972.00,-72.00,-12.00
,,,
43.64,952.00,-56.00,-24.00
,,,
43.67,940.00,-76.00,-4.00
,,,
43.69,916.00,-100.00,20.00
,,,
43.72,920.00,-100.00,-4.00
,,,
43.74,912.00,-76.00,0.00
,,,
43.77,924.00,-80.00,-4.00
,,,
43.79,928.00,-84.00,20.00
,,,
43.87,1012.00,-48.00,8.00
,,,
43.89,1024.00,-60.00,4.00
,,,
43.91,1048.00,-56.00,0.00
,,,
43.94,1088.00,-28.00,-4.00
,,,
43.96,1100.00,-24.00,0.00
,,,
43.99,1120.00,-16.00,-20.00
,,,
44.01,1112.00,-4.00,4.00
,,,
44.04,1112.00,4.00,4.00
,,,
44.06,1104.00,8.00,8.00
,,,
44.08,1084.00,12.00,0.00
,,,
44.11,1068.00,20.00,8.00
,,,
44.13,1040.00,24.00,12.00
,,,
44.16,1020.00,20.00,32.00
,,,
44.18,988.00,8.00,-16.00
,,,
44.21,944.00,60.00,40.00
,,,
44.23,936.00,64.00,-4.00
,,,
44.25,932.00,-8.00,8.00
,,,
44.30,920.00,28.00,28.00
,,,
44.33,900.00,100.00,-24.00
,,,
44.38,940.00,48.00,36.00
,,,
44.40,956.00,12.00,16.00
,,,
44.42,988.00,48.00,36.00
,,,
44.45,1016.00,4.00,24.00
,,,
44.47,1032.00,24.00,12.00
,,,
44.50,1052.00,4.00,4.00
,,,
44.52,1072.00,16.00,-12.00
,,,
44.55,1092.00,-8.00,4.00
,,,
44.57,1100.00,-4.00,0.00
,,,
44.59,1112.00,-20.00,-4.00
,,,
44.62,1112.00,-28.00,-4.00
,,,
44.64,1096.00,-24.00,8.00
,,,
44.67,1088.00,-44.00,-16.00
,,,
44.69,1052.00,-52.00,-4.00
,,,
44.71,1032.00,20.00,-44.00
,,,
44.74,1012.00,-100.00,16.00
,,,
44.76,992.00,-84.00,-4.00
,,,
44.86,916.00,-88.00,28.00
,,,
44.88,928.00,-116.00,16.00
,,,
44.96,960.00,-104.00,20.00
,,,
45.08,1072.00,-28.00,-16.00
,,,
45.11,1088.00,-48.00,0.00
,,,
45.13,1096.00,-4.00,-12.00
,,,
45.16,1104.00,-12.00,8.00
,,,
45.18,1104.00,8.00,-4.00
,,,
45.20,1088.00,0.00,12.00
,,,
45.23,1084.00,12.00,8.00
,,,
45.25,1060.00,12.00,-12.00
,,,
45.28,1024.00,36.00,20.00
,,,
45.30,1012.00,24.00,-8.00
,,,
45.33,988.00,32.00,20.00
,,,
45.35,968.00,48.00,8.00
,,,
45.38,940.00,40.00,4.00
,,,
45.42,912.00,52.00,12.00
,,,
45.45,904.00,52.00,8.00
,,,
45.48,916.00,8.00,60.00
,,,
45.50,912.00,80.00,56.00
,,,
45.52,952.00,64.00,8.00
,,,
45.55,972.00,16.00,32.00
,,,
45.57,968.00,40.00,24.00
,,,
45.60,1024.00,24.00,0.00
,,,
45.62,1032.00,20.00,20.00
,,,
45.65,1056.00,16.00,0.00
,,,
45.69,1100.00,4.00,16.00
,,,
45.72,1096.00,-16.00,-12.00
,,,
45.74,1092.00,-28.00,8.00
,,,
45.77,1092.00,-24.00,-8.00
,,,
45.79,1096.00,-32.00,0.00
,,,
45.82,1076.00,-48.00,-12.00
,,,
45.84,1040.00,-56.00,-4.00
,,,
45.87,1020.00,-68.00,32.00
,,,
45.89,1000.00,-96.00,28.00
,,,
45.91,992.00,-68.00,-28.00
,,,
45.94,952.00,-80.00,-12.00
,,,
45.97,940.00,-100.00,8.00
,,,
45.99,924.00,-104.00,-12.00
,,,
46.01,908.00,-84.00,-16.00
,,,
46.04,904.00,-76.00,40.00
,,,
46.07,952.00,-96.00,0.00
,,,
46.09,956.00,-64.00,24.00
,,,
46.11,960.00,-96.00,12.00
,,,
46.14,988.00,-40.00,8.00
,,,
46.14,988.00,-40.00,8.00
,,,
46.19,1036.00,-64.00,32.00
,,,
46.21,1044.00,-44.00,8.00
,,,
46.23,1068.00,-4.00,-24.00
,,,
46.26,1080.00,-56.00,4.00
,,,
46.28,1100.00,-20.00,-8.00
,,,
46.31,1092.00,-4.00,0.00
,,,
46.33,1084.00,4.00,-4.00
,,,
46.36,1084.00,4.00,0.00
,,,
46.38,1068.00,12.00,-4.00
,,,
46.41,1036.00,36.00,8.00
,,,
46.43,1020.00,20.00,4.00
,,,
46.46,1000.00,28.00,12.00
,,,
46.48,980.00,32.00,16.00
,,,
46.51,960.00,48.00,8.00
,,,
46.53,928.00,24.00,8.00
,,,
46.55,916.00,44.00,16.00
,,,
46.58,916.00,52.00,16.00
,,,
46.60,924.00,80.00,-40.00
,,,
46.63,944.00,24.00,16.00
,,,
46.65,936.00,20.00,36.00
,,,
46.68,948.00,28.00,28.00
,,,
46.70,968.00,24.00,28.00
,,,
46.75,1020.00,24.00,20.00
,,,
46.80,1068.00,8.00,4.00
,,,
46.82,1072.00,8.00,-4.00
,,,
46.85,1088.00,4.00,12.00
,,,
46.87,1092.00,-12.00,-8.00
,,,
46.90,1092.00,-20.00,-8.00
,,,
46.92,1088.00,-24.00,-4.00
,,,
46.95,1076.00,-40.00,-20.00
,,,
46.97,1048.00,-44.00,0.00
,,,
47.00,1032.00,-56.00,-4.00
,,,
47.02,1008.00,-76.00,28.00
,,,
47.04,988.00,-64.00,-4.00
,,,
47.07,984.00,-84.00,0.00
,,,
47.09,960.00,-68.00,-28.00
,,,
47.12,936.00,-92.00,8.00
,,,
47.14,932.00,-84.00,4.00
,,,
47.17,932.00,-104.00,-32.00
,,,
47.20,948.00,-80.00,0.00
,,,
47.22,940.00,-80.00,16.00
,,,
47.24,956.00,-76.00,40.00
,,,
47.27,976.00,-64.00,12.00
,,,
47.29,992.00,-56.00,4.00
,,,
47.32,1032.00,-56.00,20.00
,,,
47.34,1044.00,-44.00,4.00
,,,
47.36,1060.00,-32.00,-28.00
,,,
47.39,1060.00,-36.00,-4.00
,,,
47.41,1076.00,-20.00,-4.00
,,,
47.43,1088.00,-8.00,4.00
,,,
47.48,1084.00,0.00,12.00
,,,
47.51,1072.00,16.00,-12.00
,,,
47.53,1056.00,8.00,4.00
,,,
47.55,1044.00,20.00,4.00
,,,
47.58,1024.00,28.00,8.00
,,,
47.60,988.00,64.00,20.00
,,,
47.63,988.00,16.00,-12.00
,,,
47.68,940.00,4.00,20.00
,,,
47.70,928.00,84.00,4.00
,,,
47.73,944.00,20.00,-36.00
,,,
47.75,936.00,36.00,20.00
,,,
47.78,932.00,32.00,28.00
,,,
47.80,952.00,24.00,8.00
,,,
47.82,960.00,16.00,40.00
,,,
47.87,996.00,40.00,36.00
,,,
47.92,1028.00,28.00,-8.00
,,,
47.94,1068.00,-8.00,4.00
,,,
47.97,1080.00,20.00,-8.00
,,,
47.99,1088.00,-12.00,-4.00
,,,
48.01,1084.00,-20.00,0.00
,,,
48.04,1084.00,-32.00,0.00
,,,
48.06,1080.00,-32.00,-20.00
,,,
48.09,1060.00,-48.00,-4.00
,,,
48.11,1048.00,-48.00,-20.00
,,,
48.14,1032.00,-48.00,0.00
,,,
48.16,1020.00,-76.00,0.00
,,,
48.18,992.00,-44.00,-8.00
,,,
48.21,960.00,-80.00,0.00
,,,
48.23,964.00,-72.00,-20.00
,,,
48.29,932.00,-88.00,8.00
,,,
48.31,928.00,-68.00,8.00
,,,
48.33,940.00,-88.00,12.00
,,,
48.36,952.00,-112.00,28.00
,,,
48.38,948.00,-76.00,32.00
,,,
48.43,1004.00,-68.00,4.00
,,,
48.45,1020.00,-48.00,0.00
,,,
48.48,1028.00,-60.00,12.00
,,,
48.50,1048.00,-28.00,-16.00
,,,
48.52,1064.00,-20.00,8.00
,,,
48.55,1080.00,-24.00,-12.00
,,,
48.57,1080.00,-12.00,4.00
,,,
48.60,1080.00,-4.00,-8.00
,,,
48.62,1080.00,-4.00,0.00
,,,
48.65,1068.00,12.00,8.00
,,,
48.67,1052.00,16.00,8.00
,,,
48.70,1028.00,12.00,4.00
,,,
48.72,1024.00,8.00,-16.00
,,,
48.74,996.00,56.00,-16.00
,,,
48.77,960.00,44.00,32.00
,,,
48.79,948.00,60.00,0.00
,,,
48.82,948.00,4.00,4.00
,,,
48.84,924.00,68.00,16.00
,,,
48.87,936.00,40.00,28.00
,,,
48.89,964.00,8.00,48.00
,,,
48.92,952.00,40.00,-24.00
,,,
48.94,948.00,20.00,48.00
,,,
48.96,952.00,8.00,40.00
,,,
48.99,1000.00,60.00,24.00
,,,
49.01,1008.00,8.00,36.00
,,,
49.04,1028.00,8.00,4.00
,,,
49.06,1028.00,16.00,20.00
,,,
49.09,1052.00,8.00,0.00
,,,
49.11,1072.00,0.00,-8.00
,,,
49.14,1076.00,-16.00,12.00
,,,
49.16,1080.00,-12.00,-12.00
,,,
49.19,1076.00,-20.00,-12.00
,,,
49.21,1072.00,-32.00,-8.00
,,,
49.24,1052.00,-40.00,0.00
,,,
49.26,1036.00,-52.00,-8.00
,,,
49.28,1024.00,-60.00,-12.00
,,,
49.31,1008.00,-68.00,4.00
,,,
49.33,976.00,-52.00,-16.00
,,,
49.36,952.00,-84.00,12.00
,,,
49.38,952.00,-72.00,-12.00
,,,
49.41,932.00,-76.00,8.00
,,,
49.43,932.00,-76.00,-4.00
,,,
49.46,932.00,-72.00,4.00
,,,
49.50,944.00,-64.00,8.00
,,,
49.53,964.00,-68.00,16.00
,,,
49.56,976.00,-56.00,12.00
,,,
49.63,1032.00,-32.00,-8.00
,,,
49.65,1044.00,-32.00,4.00
,,,
49.68,1072.00,-20.00,-12.00
,,,
49.68,1072.00,-20.00,-12.00
,,,
49.73,1076.00,-8.00,0.00
,,,
49.75,1080.00,-4.00,0.00
,,,
49.77,1068.00,0.00,8.00
,,,
49.80,1040.00,20.00,12.00
,,,
49.82,1028.00,16.00,4.00
,,,
49.87,1012.00,12.00,44.00
,,,
49.90,976.00,8.00,-16.00
,,,
49.92,952.00,24.00,16.00
,,,
49.95,940.00,68.00,8.00
,,,
49.97,944.00,4.00,28.00
,,,
50.00,912.00,28.00,-32.00
,,,
50.02,932.00,28.00,44.00
,,,
50.05,928.00,68.00,-68.00
,,,
50.07,932.00,0.00,28.00
,,,
50.09,948.00,56.00,20.00
,,,
50.12,960.00,12.00,24.00
,,,
50.14,996.00,36.00,24.00
,,,
50.17,1008.00,-4.00,28.00
,,,
50.22,1032.00,4.00,4.00
,,,
50.26,1064.00,-4.00,12.00
,,,
50.31,1076.00,-28.00,12.00
,,,
50.33,1068.00,-20.00,-12.00
,,,
50.36,1064.00,-32.00,-12.00
,,,
50.38,1056.00,-44.00,-4.00
,,,
50.41,1028.00,-52.00,-8.00
,,,
50.43,1016.00,-60.00,-4.00
,,,
50.45,996.00,-92.00,0.00
,,,
50.48,984.00,-76.00,-8.00
,,,
50.51,972.00,-64.00,-12.00
,,,
50.53,944.00,-56.00,-4.00
,,,
50.56,940.00,-68.00,-12.00
,,,
50.58,936.00,-80.00,4.00
,,,
50.60,932.00,-64.00,8.00
,,,
50.63,948.00,-72.00,12.00
,,,
50.65,932.00,-8.00,112.00
,,,
50.68,952.00,-56.00,24.00
,,,
50.70,992.00,-52.00,4.00
,,,
50.72,1008.00,-52.00,24.00
,,,
50.77,1028.00,-36.00,4.00
,,,
50.80,1056.00,-36.00,-12.00
,,,
50.85,1068.00,-20.00,20.00
,,,
50.87,1072.00,4.00,-4.00
,,,
50.90,1068.00,-4.00,8.00
,,,
50.92,1056.00,8.00,0.00
,,,
50.94,1044.00,16.00,4.00
,,,
50.97,1028.00,20.00,4.00
,,,
51.00,1012.00,24.00,12.00
,,,
51.02,1004.00,20.00,0.00
,,,
51.04,984.00,52.00,20.00
,,,
51.07,972.00,28.00,28.00
,,,
51.10,944.00,56.00,8.00
,,,
51.12,936.00,0.00,12.00
,,,
51.14,928.00,60.00,28.00
,,,
51.17,920.00,24.00,4.00
,,,
51.19,936.00,28.00,20.00
,,,
51.22,940.00,8.00,40.00
,,,
51.24,952.00,20.00,32.00
,,,
51.26,972.00,20.00,4.00
,,,
51.29,980.00,36.00,20.00
,,,
51.31,1016.00,-4.00,16.00
,,,
51.34,1032.00,16.00,8.00
,,,
51.39,1052.00,4.00,16.00
,,,
51.41,1072.00,-4.00,8.00
,,,
51.44,1068.00,-8.00,-12.00
,,,
51.46,1064.00,-32.00,8.00
,,,
51.49,1060.00,-28.00,0.00
,,,
51.51,1048.00,-36.00,-4.00
,,,
51.53,1044.00,-44.00,-16.00
,,,
51.56,1020.00,-52.00,8.00
,,,
51.58,1008.00,-80.00,8.00
,,,
51.60,1000.00,-48.00,-16.00
,,,
51.63,980.00,-64.00,-4.00
,,,
51.66,960.00,-64.00,0.00
,,,
51.68,952.00,-80.00,0.00
,,,
51.71,936.00,-76.00,16.00
,,,
51.73,936.00,-76.00,-4.00
,,,
51.75,932.00,-68.00,16.00
,,,
51.78,956.00,-72.00,12.00
,,,
51.80,968.00,-64.00,24.00
,,,
51.83,980.00,-68.00,16.00
,,,
51.85,996.00,-52.00,12.00
,,,
51.88,1016.00,-52.00,4.00
,,,
51.90,1032.00,-36.00,4.00
,,,
51.93,1044.00,-32.00,-12.00
,,,
51.95,1052.00,-20.00,-8.00
,,,
51.97,1060.00,-24.00,0.00
,,,
52.00,1064.00,-12.00,0.00
,,,
52.03,1064.00,0.00,0.00
,,,
52.05,1060.00,8.00,8.00
,,,
52.07,1056.00,0.00,-8.00
,,,
52.10,1036.00,8.00,8.00
,,,
52.12,1016.00,24.00,12.00
,,,
52.17,984.00,52.00,28.00
,,,
52.20,980.00,60.00,36.00
,,,
52.23,956.00,32.00,-4.00
,,,
52.27,932.00,80.00,0.00
,,,
52.30,928.00,20.00,12.00
,,,
52.32,936.00,48.00,28.00
,,,
52.35,940.00,28.00,32.00
,,,
52.37,956.00,40.00,24.00
,,,
52.39,964.00,8.00,32.00
,,,
52.42,988.00,32.00,36.00
,,,
52.44,984.00,0.00,4.00
,,,
52.47,1024.00,8.00,20.00
,,,
52.49,1032.00,16.00,-8.00
,,,
52.52,1048.00,-12.00,16.00
,,,
52.54,1060.00,8.00,-16.00
,,,
52.57,1064.00,-20.00,12.00
,,,
52.59,1064.00,-4.00,-8.00
,,,
52.61,1056.00,-32.00,16.00
,,,
52.66,1040.00,-40.00,-8.00
,,,
52.69,1024.00,-44.00,-12.00
,,,
52.71,1012.00,-28.00,4.00
,,,
52.74,992.00,-84.00,8.00
,,,
52.79,968.00,-36.00,-16.00
,,,
52.81,948.00,-84.00,12.00
,,,
52.84,948.00,-64.00,-4.00
,,,
52.86,932.00,-80.00,12.00
,,,
52.88,948.00,-64.00,8.00
,,,
52.93,952.00,-68.00,20.00
,,,
52.95,968.00,-64.00,28.00
,,,
52.98,980.00,-60.00,20.00
,,,
53.00,992.00,-48.00,8.00
,,,
53.03,1016.00,-52.00,4.00
,,,
53.05,1028.00,-40.00,-8.00
,,,
53.08,1044.00,-32.00,0.00
,,,
53.10,1048.00,-16.00,-8.00
,,,
53.12,1064.00,-20.00,8.00
,,,
53.22,1036.00,8.00,4.00
,,,
53.24,1028.00,8.00,0.00
,,,
53.27,1024.00,12.00,8.00
,,,
53.30,988.00,36.00,20.00
,,,
53.32,972.00,52.00,12.00
,,,
53.35,968.00,4.00,-4.00
,,,
53.37,952.00,56.00,-16.00
,,,
53.39,948.00,16.00,20.00
,,,
53.44,932.00,24.00,44.00
,,,
53.49,944.00,40.00,36.00
,,,
53.54,976.00,4.00,36.00
,,,
53.56,976.00,36.00,52.00
,,,
53.59,1000.00,20.00,24.00
,,,
53.61,1012.00,0.00,8.00
,,,
53.64,1024.00,0.00,-4.00
,,,
53.66,1044.00,-4.00,0.00
,,,
53.68,1044.00,8.00,0.00
,,,
53.71,1052.00,-16.00,12.00
,,,
53.73,1064.00,-16.00,-8.00
,,,
53.76,1052.00,-24.00,-12.00
,,,
53.78,1040.00,-24.00,-8.00
,,,
53.81,1036.00,-40.00,0.00
,,,
53.83,1032.00,-44.00,-12.00
,,,
53.85,1016.00,-60.00,-4.00
,,,
53.88,1000.00,-28.00,-12.00
,,,
53.90,980.00,-80.00,-4.00
,,,
53.93,968.00,-60.00,-16.00
,,,
53.95,960.00,-76.00,4.00
,,,
53.98,956.00,-72.00,24.00
,,,
54.00,944.00,-64.00,4.00
,,,
54.03,940.00,-60.00,16.00
,,,
54.05,944.00,-80.00,12.00
,,,
54.07,956.00,-56.00,28.00
,,,
54.10,968.00,-60.00,12.00
,,,
54.12,988.00,-44.00,12.00
,,,
54.15,1004.00,-64.00,12.00
,,,
54.17,1012.00,-48.00,4.00
,,,
54.13,1020.00,-36.00,-16.00
,,,
54.15,1032.00,-32.00,0.00
,,,
54.18,1056.00,-20.00,-4.00
,,,
54.23,1060.00,-20.00,-16.00
,,,
54.28,1048.00,0.00,12.00
,,,
54.30,1028.00,8.00,4.00
,,,
54.35,1008.00,16.00,20.00
,,,
54.37,1016.00,44.00,48.00
,,,
54.40,976.00,-8.00,-24.00
,,,
54.42,948.00,-4.00,36.00
,,,
54.47,944.00,4.00,0.00
,,,
54.50,928.00,56.00,16.00
,,,
54.52,936.00,8.00,40.00
,,,
54.55,948.00,32.00,32.00
,,,
54.57,952.00,24.00,44.00
,,,
54.59,960.00,40.00,36.00
,,,
54.62,968.00,28.00,24.00
,,,
54.65,996.00,36.00,32.00
,,,
54.67,1012.00,4.00,12.00
,,,
54.69,1016.00,8.00,8.00
,,,
54.72,1024.00,24.00,16.00
,,,
54.74,1044.00,-4.00,-12.00
,,,
54.77,1052.00,-12.00,-4.00
,,,
54.79,1056.00,-32.00,8.00
,,,
54.89,1028.00,-36.00,-12.00
,,,
54.91,1012.00,-44.00,20.00
,,,
54.94,1012.00,-32.00,8.00
,,,
54.97,984.00,-68.00,-20.00
,,,
54.99,964.00,-72.00,0.00
,,,
55.02,948.00,-36.00,-20.00
,,,
55.04,948.00,-68.00,4.00
,,,
55.06,948.00,-72.00,0.00
,,,
55.09,944.00,-52.00,16.00
,,,
55.11,956.00,-72.00,12.00
,,,
55.14,956.00,-68.00,36.00
,,,
55.16,960.00,-52.00,28.00
,,,
55.18,968.00,-64.00,28.00
,,,
55.21,1004.00,-60.00,12.00
,,,
55.23,1008.00,-40.00,12.00
,,,
55.26,1024.00,-44.00,8.00
,,,
55.28,1032.00,-32.00,4.00
,,,
55.31,1032.00,-20.00,-20.00
,,,
55.33,1044.00,-12.00,8.00
,,,
55.36,1052.00,-4.00,-4.00
,,,
55.38,1044.00,-16.00,-4.00
,,,
55.40,1044.00,0.00,0.00
,,,
55.43,1032.00,4.00,4.00
,,,
55.45,1024.00,8.00,-8.00
,,,
55.48,1016.00,20.00,12.00
,,,
55.50,1004.00,20.00,32.00
,,,
55.58,956.00,40.00,24.00
,,,
55.60,944.00,20.00,0.00
,,,
55.63,940.00,12.00,-4.00
,,,
55.65,936.00,0.00,44.00
,,,
55.72,960.00,28.00,20.00
,,,
55.74,960.00,16.00,44.00
,,,
55.77,976.00,-4.00,36.00
,,,
55.79,984.00,4.00,16.00
,,,
55.82,1008.00,4.00,20.00
,,,
55.84,1020.00,12.00,4.00
,,,
55.86,1032.00,4.00,0.00
,,,
55.89,1036.00,0.00,4.00
,,,
55.91,1044.00,-8.00,0.00
,,,
55.94,1052.00,-24.00,-8.00
,,,
55.96,1052.00,-36.00,12.00
,,,
56.01,1040.00,-32.00,-4.00
,,,
56.04,1024.00,-40.00,8.00
,,,
56.06,1012.00,-44.00,-12.00
,,,
56.11,992.00,-100.00,-4.00
,,,
56.14,972.00,-76.00,-4.00
,,,
56.16,960.00,-68.00,-4.00
,,,
56.18,956.00,-84.00,-12.00
,,,
56.21,948.00,-64.00,12.00
,,,
56.23,956.00,-68.00,4.00
,,,
56.26,964.00,-48.00,12.00
,,,
56.28,956.00,-72.00,40.00
,,,
56.31,976.00,-60.00,24.00
,,,
56.33,968.00,-64.00,24.00
,,,
56.35,992.00,-40.00,28.00
,,,
56.38,1012.00,-32.00,4.00
,,,
56.40,1020.00,-40.00,12.00
,,,
56.43,1028.00,-32.00,-8.00
,,,
56.45,1028.00,-16.00,0.00
,,,
56.48,1040.00,-24.00,4.00
,,,
56.50,1048.00,-16.00,-4.00
,,,
56.53,1048.00,-4.00,-12.00
,,,
56.55,1036.00,-4.00,8.00
,,,
56.57,1036.00,0.00,20.00
,,,
56.60,1024.00,16.00,0.00
,,,
56.63,1008.00,16.00,0.00
,,,
56.65,1004.00,32.00,-32.00
,,,
56.68,980.00,52.00,0.00
,,,
56.70,972.00,36.00,16.00
,,,
56.72,956.00,48.00,4.00
,,,
56.75,948.00,8.00,4.00
,,,
56.77,932.00,64.00,12.00
,,,
56.80,944.00,44.00,24.00
,,,
56.82,948.00,36.00,28.00
,,,
56.85,964.00,12.00,44.00
,,,
56.87,956.00,32.00,28.00
,,,
56.89,976.00,-8.00,36.00
,,,
56.92,980.00,28.00,28.00
,,,
56.94,988.00,-4.00,4.00
,,,
56.97,1012.00,0.00,12.00
,,,
56.99,1016.00,8.00,0.00
,,,
57.02,1032.00,-4.00,12.00
,,,
57.04,1036.00,-8.00,-8.00
,,,
57.07,1048.00,-16.00,8.00
,,,
57.09,1044.00,-16.00,-12.00
,,,
57.12,1036.00,-24.00,8.00
,,,
57.14,1032.00,-24.00,-8.00
,,,
57.16,1028.00,-40.00,-12.00
,,,
57.19,1012.00,-48.00,-4.00
,,,
57.22,1008.00,-52.00,-8.00
,,,
57.24,992.00,-80.00,-4.00
,,,
57.26,980.00,-40.00,0.00
,,,
57.29,968.00,-68.00,-12.00
,,,
57.31,956.00,-52.00,4.00
,,,
57.34,952.00,-84.00,0.00
,,,
57.36,944.00,-72.00,24.00
,,,
57.41,956.00,-76.00,20.00
,,,
57.44,960.00,-56.00,40.00
,,,
57.46,972.00,-72.00,8.00
,,,
57.48,980.00,-44.00,8.00
,,,
57.51,1004.00,-48.00,8.00
,,,
57.53,1016.00,-24.00,-8.00
,,,
57.56,1032.00,-36.00,-20.00
,,,
57.58,1032.00,-24.00,8.00
,,,
57.61,1040.00,-32.00,4.00
,,,
57.63,1036.00,-12.00,-8.00
,,,
57.66,1040.00,-12.00,4.00
,,,
57.68,1040.00,8.00,-4.00
,,,
57.70,1036.00,0.00,0.00
,,,
57.73,1028.00,4.00,4.00
,,,
57.81,992.00,20.00,20.00
,,,
57.85,988.00,44.00,28.00
,,,
57.90,936.00,4.00,40.00
,,,
57.95,928.00,16.00,32.00
,,,
57.98,948.00,8.00,28.00
,,,
58.00,948.00,24.00,32.00
,,,
58.02,968.00,20.00,20.00
,,,
58.05,972.00,8.00,36.00
,,,
58.07,988.00,24.00,28.00
,,,
58.12,1020.00,8.00,8.00
,,,
58.15,1028.00,0.00,8.00
,,,
58.17,1040.00,-16.00,20.00
,,,
58.20,1028.00,-16.00,-16.00
,,,
58.22,1040.00,-4.00,-4.00
,,,
58.24,1040.00,-20.00,-8.00
,,,
58.27,1032.00,-32.00,8.00
,,,
58.29,1028.00,-28.00,0.00
,,,
58.32,1020.00,-36.00,-8.00
,,,
58.37,992.00,-52.00,12.00
,,,
58.39,976.00,-64.00,-4.00
,,,
58.44,956.00,-52.00,8.00
,,,
58.49,952.00,-72.00,20.00
,,,
58.51,952.00,-68.00,0.00
,,,
58.54,952.00,-76.00,12.00
,,,
58.56,960.00,-64.00,32.00
,,,
58.61,980.00,-48.00,12.00
,,,
58.66,1012.00,-32.00,0.00
,,,
58.69,1016.00,-36.00,-20.00
,,,
58.73,1036.00,-16.00,-8.00
,,,
58.76,1040.00,-28.00,-4.00
,,,
58.79,1044.00,-20.00,-4.00
,,,
58.81,1032.00,-8.00,-8.00
,,,
58.83,1032.00,12.00,4.00
,,,
58.88,1016.00,12.00,8.00
,,,
58.91,1000.00,16.00,4.00
,,,
58.93,1000.00,-4.00,-8.00
,,,
58.98,984.00,8.00,32.00
,,,
59.01,944.00,52.00,0.00
,,,
59.03,948.00,-8.00,28.00
,,,
59.05,952.00,44.00,-16.00
,,,
59.08,948.00,28.00,36.00
,,,
59.10,960.00,20.00,48.00
,,,
59.13,956.00,40.00,20.00
,,,
59.15,960.00,24.00,36.00
,,,
59.18,976.00,-12.00,20.00
,,,
59.20,976.00,8.00,16.00
,,,
59.23,984.00,8.00,12.00
,,,
59.25,1016.00,0.00,-16.00
,,,
59.28,1016.00,4.00,8.00
,,,
59.30,1024.00,0.00,-8.00
,,,
59.32,1024.00,0.00,0.00
,,,
59.37,1028.00,-12.00,4.00
,,,
59.42,1024.00,-24.00,4.00
,,,
59.45,1020.00,-44.00,0.00
,,,
59.47,1008.00,-40.00,-8.00
,,,
59.50,992.00,-28.00,12.00
,,,
59.52,984.00,-72.00,12.00
,,,
59.55,972.00,-44.00,4.00
,,,
59.59,960.00,-52.00,4.00
,,,
59.62,964.00,-64.00,-8.00
,,,
59.64,948.00,-68.00,20.00
,,,
59.67,960.00,-56.00,12.00
,,,
59.69,960.00,-68.00,32.00
,,,
59.72,964.00,-60.00,28.00
,,,
59.74,980.00,-60.00,8.00
,,,
59.76,984.00,-48.00,16.00
,,,
59.79,1004.00,-52.00,0.00
,,,
59.82,1032.00,-32.00,-8.00
,,,
59.86,1004.00,-20.00,28.00
,,,
59.89,1012.00,-24.00,12.00
,,,
59.91,1024.00,-12.00,0.00
,,,
59.94,1032.00,-24.00,4.00
,,,
59.94,1032.00,-24.00,4.00
,,,
59.99,1032.00,4.00,8.00
,,,
60.01,1020.00,8.00,-4.00
